title,company,location,salary,experience,degree,tags,job_description,job_url,source,scraped_at
SAAS大客户销售（科创AI大数据）,企知道大数据科技有限公司,南通,1.2-2万,3-5年,本科,,【公司简介】|企知道科技是一家为政府提供企业动态监测、大数据招商引才、政策分析与匹配、科创生态管理等服务，为企业提供产学研对接、知识产权、产业政策咨询、财务、法律、品牌、融资等服务的科创服务机构。公司在全国设立60多家分子公司，为全国20多个省市的政府部门和30万家企业服务，是国家工信部认定的全国唯一的科创类大数据产业发展示范企业。公司旗下“企知道”大数据科创服务平台，汇集了全国9500万家企业信息数据、1.6亿全球专利数据、4500万全国产业政策数据、20万产学研入库专家和300万科研成果数据，为广大创新主体连接先进技术、领域专家、政策支持与科创金融，打造中国第一的科技创新大数据平台、中国第一的全球科创资源汇集枢纽平台。|【我们需要您做的是】：通过电话，拜访与企业客户保持良好沟通，并提供专业企业创新咨询合作方案，直接对接老板完成商务洽谈促成合作。|【我们想要您是这样的人】：|1、热爱销售工作，进取心、责任心强，有强烈成功欲望和抗压能力;|2、普通话流利，思维敏捷，有良好的表达能力和沟通技巧;|3、工作主动，有良好的服务意识;|4、若有软件等相关销售经验更好 。|该职位全职工作属于公司正式员工编制，一经录用将享有:|1、底薪+提成，综合薪资12000-20000元，公司提供电脑|2、带薪培训(成长计划培训+专业技能培训+一对一师傅带教）全方位助你成长|3、内部良好的晋升通道，专业和管理双向晋升通道;|4、入职即缴纳六险一金、各类带薪休假(法定假日、年假、婚假、产假、陪产假、带薪年假等)|5、奖金丰厚(月TOP奖、季度最佳销售团队奖、进步最快新人奖、最佳员工奖等)|6、除国家法定节假日外，每年免费旅游，以及各种员工活动(聚餐、郊游、运动会、员工生日会等);|7、表现优秀者可晋升导师或TeamLeader。|我们的培训发展路径是:|专业路线--大客户销售(千万级业绩销售) 管理路线--专员-组长-主管-经理-总监-城市经理;|企知道欢迎你的加入，让我们一起做一份伟大的事业~|备注：上班时间周一至周六，早上8：30-12：00 13：30-18：00，法定节假日都休息,http://www.zhaopin.com/jobdetail/CCL1464680980J40869279408.htm?refcode=4019&srccode=401903&preactionid=8dafd53f-5598-44bd-bac8-73f5f6e0522d,zhaopin,2026-03-13 17:41:13
2026届校招-大数据公司-助理咨询设计师（珠海）,中交公规土木大数据信息技术(北京)有限公司,珠海,8000-15000元,经验不限,硕士,,工作职责|1、负责土木监测方案设计及设计文件编写工作；|2、负责土木结构健康监测系统数据分析、土木有限元计算分析、土木健康监测等工作；|3、新技术跟踪等相关工作。|任职资格|1、应届毕业生；桥梁工程、土木工程类相关专业研究生及以上学历；|2、熟练掌握设计软件，能够完成各类桥梁结构监测数据分析，具有较强的技术报告撰写能力者优先；|3、专业基本功扎实，思路清晰，口头、书面表达能力强。|4、有结构健康监测研究经历或实习经历者优先,http://www.zhaopin.com/jobdetail/CC481045180J40847731905.htm?refcode=4019&srccode=401903&preactionid=8dafd53f-5598-44bd-bac8-73f5f6e0522d,zhaopin,2026-03-13 17:41:16
大数据开发工程师,河南省悉数大数据科技有限公司,郑州,6000-10000元,3-5年,大专,,岗位职责：|1、参与项目需求分析、根据需求设计文档、准确且高质量完成代码编写及技术文档编写：|2、按照项目计划，完成开发任务，确保项目进度和质量：|2、构建项目指标体系，并基于指标体系，及时发现与定位业务问题：|3、设计数据质量监控规侧，协同业务部门提升数据准确性及完整性：|4、参与数据中台的开发、建设流程和规范设计，包括：数据建模，数据管理规范设计，ETL流程优化等：|5、协调业务与技术团队，推动数据标准与规范的执行，解决项目问题。|任职要求|1、计算机相关专业，3年以上数据开发工作经验，熟悉数仓建设领域的相关知识：|2、精通SQL语言，熟悉mysql、oracle、sqlserver等数据库的使用，熟悉维度建模方法论：|3、熟悉Kettle、DataX等至少一种ETL工具。|5、具有较好的沟通能力，思路清晰，善于思考，能独立分析和解决问题。|6、具备复杂业务的开发经验和较强的逻辑/概率思维能力，善于分析、归纳、描述、沟通、和解决问题。|7、踏实能干，积极主动，主动承担，能够在项目中独当一面。|加分项：熟悉java优先|工作地点：郑州市高新区国家大学科技园东区16号楼B座5层508室。|交通线路：地铁8号线到大学科技园站C口出步行600米；|B13，B51，B35，45路到（电厂路段）漳河路下车；|B302到（电厂路段）电厂路公交站下车；|50路（漳河路段）电厂路下车；|职位福利：公司福利、单双轮休、法定节假日、五险、年底奖金,http://www.zhaopin.com/jobdetail/CCL1454683790J40829884011.htm?refcode=4019&srccode=401903&preactionid=8dafd53f-5598-44bd-bac8-73f5f6e0522d,zhaopin,2026-03-13 17:41:18
AI大数据软件销售,企知道大数据科技有限公司,台州,7000-12000元,经验不限,大专,,岗位职责：|1.学习并了解大数据AI平台&软件，向企业讲解展示产品力，并与企业洽谈合作；|2.为客户规划、制定知识产权、项目政策方案，帮助客户通过维护知识产权、申报认证项目获得利益；|3.开拓对应B端市场，并做好客户维护形成优质客户池。|任职资格：|1.大专及以上学历，无相关经验均可（提供带薪培训），软件销售经验优先；|2.表达能力强，普通话流利，有较强的逻辑思维能力，专业学习快；|3.热爱并看好知识产权行业、科技项目的发展前景，有志于在本行业长期发展；；|4.性格外向，有亲和力，喜欢销售岗位，不排斥电话。|薪酬福利：|1.4K-6K无责底薪+高额提成+年度奖金+带薪年假；|2.晋升渠道：透明、公开、健全的晋升机制，一切凭实力说话；|3.员工福利：生日福利、转正福利、周年福利、重大节日外加不定期团队聚餐，发放节日礼品；|4.七险一金：入职开始缴纳五险一金，转正缴纳七险一金；|5. 培训体系：完善的培训体系，除专项入职培训外，每月均有不定期的各种培训，如专利、项目培训、企业文化、知识产权专业知识等培训，更有集团大佬的培训团队进行赋能，只为培养一个更好的你。,http://www.zhaopin.com/jobdetail/CCL1464680980J40770588208.htm?refcode=4019&srccode=401903&preactionid=8dafd53f-5598-44bd-bac8-73f5f6e0522d,zhaopin,2026-03-13 17:41:20
大数据工程师,重庆康洲大数据(集团)有限公司,重庆,9000-18000元,经验不限,大专,,岗位职责：|1、参与大数据平台的规划和建设；|2、协助数据产品人员制定数据存储、处理规范；|3、负责平台相关数据处理逻辑的设计与实现|任职要求：|1、具备较丰富的spark（Structured Streaming）相关开发经验；|2、具备较丰富的Kafka、HDFS、Hbase、Hive、Elasticsearch及MySQL相关使用和开发经验；|3、能熟练使用Linux操作系统；|职位福利：周末双休、带薪年假、绩效奖金、交通补助、五险一金、餐补,http://www.zhaopin.com/jobdetail/CC373881913J00464192208.htm?refcode=4019&srccode=401903&preactionid=8dafd53f-5598-44bd-bac8-73f5f6e0522d,zhaopin,2026-03-13 17:41:23
大数据产品经理,重庆传晟酷德大数据科技有限公司,重庆,1-1.5万,二郎,5-10年,,我们希望您投递的简历中能体现职责和要求所对应的输出物或描述清楚相关佐证材料，我们热诚欢迎此前在大数据产品或TO G软件产品设计上有成熟的、成功的创新与融合经验的求职者加盟并一同继续成功！|岗位职责：|1、主持行业与重点客户需求调研、产品架构，规划不同阶段的产品生命周期，制订相应的产品战略。|2、带领团队开展产品设计、需求分析、需求讨论，根据客户反馈不断优化，确保产品在市场中具有竞争力。|3、负责产品管理和支持工作，包括编制产品规范与文案、协调处理产品问题、参与展会活动及产品演示等。|任职要求：|1、本科及以上学历，计算机或软件相关专业，5年以上大数据及人工智能行业解决方案产品经理工作经验，有国土、规划、不动产等行业至少1个大数据平台、数据中台、数据分析挖掘或数据治理产品的设计经验（请在投递的简历中体现）。|2、对市场趋势与国家政策有敏锐的感知力，能为客户提炼需求且能有效转化为具有竞争力的产品方案，并能持续对现有产品优化迭代，提升用户满意度和市场占有率。|3、精通各类产品原型开发与管理工具，如Axure、Xmind、Visio、Jira等，擅长沟通协调，能有效地管理资源和风险，有团队管理经验者优先。,http://www.zhaopin.com/jobdetail/CC339419930J40668120011.htm?refcode=4019&srccode=401903&preactionid=8dafd53f-5598-44bd-bac8-73f5f6e0522d,zhaopin,2026-03-13 17:41:25
SaaS软件/AI大数据产品销售,企知道大数据科技有限公司,无锡,8000-12000元,1-3年,本科,,一、工作职责|1. 通过公司提供的数据库线索，进行电话寻访或资源转化的形式约见面谈客户核心需求，全流程跟进工作；|2. 营销产品亮点：企业经营情报获取、内部研发管理降本增效、智能营销拓客、产学研链接、智慧财税等多模块；|3. 完成当月既定目标，持续学习产品更新迭代知识。|二、任职资格|1. 全*制本科及以上学历；1年以上销售工作经验，toB SAAS软件类销售优先。过往经历适配度高可放宽至统招大专；|2. 热爱并看好科创大数据行业的发展前景，有志于在本行业长期发展；|3. 有上进心，能吃苦耐劳，富有不断进取的精神和良好团队合作意识；|4. 具备良好的心理素质，具备在困难、挫折、艰苦的逆境中生存的能力。,http://www.zhaopin.com/jobdetail/CCL1464680980J40918775908.htm?refcode=4019&srccode=401903&preactionid=8dafd53f-5598-44bd-bac8-73f5f6e0522d,zhaopin,2026-03-13 17:41:28
大数据分析师,内蒙古恒鼎大数据产业有限公司,呼和浩特,5000-7000元,1-3年,本科,,岗位职责：|1. 围绕业务目标，负责数据需求与资源有效性评估；|2. 负责构建业务场景、分析框架、核心指标体系等数据驱动解决方案设计；|3. 负责数据质量、数据异常、数据链路风险分析；|4. 负责数据标准、质量规则、分类分级等治理制度、规范、标准编制；|5. 负责数据治理、数据应用实施方案设计、培训；|6. 负责数据治理工作的组织、指导、协调和质量监督；|7. 负责数据应用服务落地与业务优化；|【任职条件】|1. 学历专业：大学本科及以上学历，大数据、数据科学、统计学、计算机科学等相关专业；|2. 职业素养：具备清晰的职业规划、正向的职业价值观及严谨负责的工作态度；拥有良好的团队协作意识与高效沟通能力；|3. 职业素质：对数据高度敏感；责任心强、耐心细致；具备复杂问题分析与解决能力；具备快速掌握新技术并应用于实际的学习能力；具备一定的工作承压能力；|4. 业务能力：|（1）基础理论：熟悉数据治理理论框架与实践流程；掌握统计学、概率论与数据挖掘核心知识和具备系统的数据分析方法论；熟悉常用分析模型（如回归、分类、聚类）及评估方法（如准确率、召回率等），并能结合业务场景合理选型并验证模型有效性；了解DCMM、DAMA-DMBOK等数据治理标准；了解数据质量维度及数据分类分级、元数据管理等标准规范。|（2）工具技能：了解或者掌握Python、SQL、Excel等数据处理工具，会使用Power BI、Tableau等可视化工具，了解主流数据治理平台或元数据管理工具，能独立设计交互式仪表盘和清晰、有体系的可视化报告；|（3）文档撰写能力：具备良好的文档编写习惯，能够准确、规范地输出数据分析报告、技术方案及项目文档，确保内容逻辑清晰、结构完整、术语准确；|理解能力：能够快速理解业务需求与数据逻辑，准确把握项目目标与关键指标，具备较强的跨领域学习能力，可高效对接业务部门并转化为数据分析方案。,http://www.zhaopin.com/jobdetail/CC805076820J40978544904.htm?refcode=4019&srccode=401903&preactionid=8dafd53f-5598-44bd-bac8-73f5f6e0522d,zhaopin,2026-03-13 17:41:30
大数据开发（自考本+银行）,北京青钱信息技术有限公司,北京,1.3-1.6万,3-5年,本科,,1. 具有5年以上工作经验，具备数仓建模理论知识，熟悉范式建模和维度建模，能够进行数据模型设计（MAPPING和物理模型设计）；|2. 精通SQL语言，能够根据设计方案输出高质量代码，可以进行代码优化；|3. 精通常用数据库系统(Oracle/Mysql/Greenplum/hive/tidb)，有丰富的存储过程开发、SQL优化等数据开发经验优先；|4. 具有ETL工具使用经验、适配和开发异构数据的传输工具程序；|5. 熟悉金融业务知识，了解银行相关业务系统及系统间的数据关系；,http://www.zhaopin.com/jobdetail/CC337626410J40844225810.htm?refcode=4019&srccode=401903&preactionid=8dafd53f-5598-44bd-bac8-73f5f6e0522d,zhaopin,2026-03-13 17:41:33
科创AI大数据saas平台电话销售,企知道大数据科技有限公司,深圳,1.2-2万,1-3年,本科,,【公司简介】|企知道科技是一家为政府提供企业动态监测、大数据招商引才、政策分析与匹配、科创生态管理等服务，为企业提供产学研对接、知识产权、产业政策咨询、财务、法律、品牌、融资等服务的科创服务机构。公司在全国设立60多家分子公司，为全国20多个省市的政府部门和30万家企业服务，是国家工信部认定的全国唯一的科创类大数据产业发展示范企业。公司旗下“企知道”大数据科创服务平台，汇集了全国9500万家企业信息数据、1.6亿全球专利数据、4500万全国产业政策数据、20万产学研入库专家和300万科研成果数据，为广大创新主体连接先进技术、领域专家、政策支持与科创金融，打造中国第一的科技创新大数据平台、中国第一的全球科创资源汇集枢纽平台。|【我们需要您做的是】：通过电话，拜访与企业客户保持良好沟通，并提供专业企业创新咨询合作方案，直接对接老板完成商务洽谈促成合作。|【我们想要您是这样的人】：|1、热爱销售工作，进取心、责任心强，有强烈成功欲望和抗压能力;|2、普通话流利，思维敏捷，有良好的表达能力和沟通技巧;|3、工作主动，有良好的服务意识;|4、若有软件等相关销售经验更好 。|该职位全职工作属于公司正式员工编制，一经录用将享有:|1、底薪+提成，综合薪资12000-20000元，公司提供电脑|2、带薪培训(成长计划培训+专业技能培训+一对一师傅带教）全方位助你成长|3、内部良好的晋升通道，专业和管理双向晋升通道;|4、入职即缴纳六险一金、各类带薪休假(法定假日、年假、婚假、产假、陪产假、带薪年假等)|5、奖金丰厚(月TOP奖、季度最佳销售团队奖、进步最快新人奖、最佳员工奖等)|6、除国家法定节假日外，每年免费旅游，以及各种员工活动(聚餐、郊游、运动会、员工生日会等);|7、表现优秀者可晋升导师或TeamLeader。|我们的培训发展路径是:|专业路线--大客户销售(千万级业绩销售) 管理路线--专员-组长-主管-经理-总监-城市经理-区域经理;|企知道欢迎你的加入，让我们一起做一份伟大的事业~|备注：上班时间周一至周六，法定节假日都休息,http://www.zhaopin.com/jobdetail/CCL1464680980J40922187508.htm?refcode=4019&srccode=401903&preactionid=8dafd53f-5598-44bd-bac8-73f5f6e0522d,zhaopin,2026-03-13 17:41:35
大数据开发【2026届】(J19619),阳光保险集团,北京,面议,经验不限,本科,,岗位职责:|1、负责前沿技术及大数据技术的研究和使用；|2、负责业务部门需求分析，并通过大数据技术完成功能的开发、验证、交付；|3、负责已上线系统、定时任务、实时任务的稳定运行及效率优化；|4、负责参与并跟踪需求开发、测试、上线、评估等工作；|5、负责参与需求开发质量标准的制定，并推进质量管理标准监测与落实；|6、完成领导交办的其他工作。|任职要求:|1、计算机、信息管理、软件工程、数学等相关专业优先；|2、具备软件工程、程序设计及其语言、数据库、大数据技术等专业知识；|3、具备软件系统维护、业务系统应用支持等专业技能；|4、具备Java、Scala等开发语言技能；具备Spark Core、Spark Streaming等相关开发技能，掌握常用算子及对应的效率情况；|5、具备良好的抗压能力，具备良好的沟通表达能力。,http://www.zhaopin.com/jobdetail/CC120868770J40988417004.htm?refcode=4019&srccode=401903&preactionid=8dafd53f-5598-44bd-bac8-73f5f6e0522d,zhaopin,2026-03-13 17:41:38
大数据开发实习生,中科星图测控技术股份有限公司,合肥,120-220元/天,,本科,,任职要求：|1.熟悉java/python/scala至少一种语言，有大数据开发经验优先|2.了解hadoop/hbase/spark/flink分布式大数据体系，有实际项目优先|3.了解mysql/starocks数据库存储，熟悉sql语法，会sql的语法调优。|4.熟悉shell命令，开发shell相关脚本。|5.对数据敏感，有良好的沟通表达能力和跨团队协调能力|岗位职责：|1.参与大数据平台的设计与开发，协助完成数据采集，清洗，存储及处理等任务|2.支持数据产品的开发，包括前后端对接|3.参与大数据相关技术的研究与测试，优化数据处理流程，提升系统性能|4.与团队协作，完成数据平台的需求分析，协助制定技术方案，推动项目进展,http://www.zhaopin.com/jobdetail/CCL1454892140J40884191512.htm?refcode=4019&srccode=401903&preactionid=8dafd53f-5598-44bd-bac8-73f5f6e0522d,zhaopin,2026-03-13 17:41:40
toB大客户销售（大数据AI平台）,企知道大数据科技有限公司,深圳,8000-15000元,1-3年,本科,,企知道是一家基于大数据、云计算、人工智能技术，向企业提供科创服务（知识产权、产业政策申报、产学研对接、科创金融等）、SaaS平台服务、科创AI大数据服务的专业服务机构，知识产权行业龙头企业，致力于提升全天下企业核心竞争力。总部位于深圳，全国设有60多家分子公司，累计合作客户20万家，员工超5000人。|【公司产品】科创大数据服务平台+科技项目申报+专利+财税服务，是国家工信部认定的全国唯一的科创服务类大数据产业发展示范企业|【工作内容】电销+面销|1、面向制造业、商贸业、科技型公司等企业客户，挖掘需求，推广大数据AI产品；|2、紧跟市场经济环境，深度学习研究公司的产品内容；|3、与意向客户进行线上或线下的商务谈判，解决客户疑虑，达成合作；|4、完成个人业绩目标，并与团队成员配合，实现团队业绩目标；|5、工作流程：电话邀约—线下面谈—商务洽谈—成交签单|【任职要求】|1、本科及以上学历，专业不限；|2、具有1年以上大客户销售经验，有IT行业、软件、企业服务等行业销售经验优先；|3、逻辑思维强，善于总结并具备解决问题的能力；具备良好的目标感、主动性、学习能力和沟通能力；|4、看好大数据、人工智能行业的发展前景，有志于在本行业长期发展。|【工作时间】|上午8:30-12:00，下午13:30-18:00，周日固定休息，法定节假日按国家通知放假。|【薪资待遇】|1、薪资待遇：无责任底薪（6k—10k，专员6k—7k，干部7k—10k，具体定薪依据面试定级确认）+高额提成（6%—15%，客单价10w—50w）+奖金（月度、季度、年度）；|2、入职即缴纳五险一金+转正后额外缴纳商业险+节日福利+生日福利+节日聚餐+定期体检+期权等；|3、培训：线上+线下培训模式，线上企业大学平台提供相应网课，线下资深老师带教，对无行业经验新人也可快速上手；|4、晋升机会公开透明：按照业绩能力，无排资论辈，专员—组长—主管—经理—分总。,http://www.zhaopin.com/jobdetail/CCL1464680980J40921640908.htm?refcode=4019&srccode=401903&preactionid=8dafd53f-5598-44bd-bac8-73f5f6e0522d,zhaopin,2026-03-13 17:41:42
总行科技部-大数据研发岗,重庆银行,重庆,1-1.5万,3-5年,硕士,,岗位职责:|（1）负责根据我行技术路线，进行数据交换平台、数据仓库、数据采集及加工的研发工作。|（2）负责数据相关系统日常维护工作，及时妥善处理生产事件。|（3）负责根据行内项目管理流程规范，完成相关数据项目的需求调研分析、总体实施方案设计、系统设计质量把控、代码质量把控、版本控制、测试支持、投产支持、项目文档编写等工作。|（4）负责跟踪数据平台架构的演进发展方向，探索创新前沿数据应用技术，协助制定数据ETL的技术发展规划。|任职要求:|（1）基本要求：35周岁及以下，思想素质好，遵纪守法，无违规违纪行为记录，身体健康。具有高度的责任心和敬业精神，具备良好的学习能力、沟通能力和团队合作意识。|（2）学历及专业：硕士研究生及以上学历，计算机、数学等相关专业。|（3）从业经验及资历：3年及以上科技或数字化相关从业经验。|（4）专业能力及素质要求：|a.具备较强的科学决策、组织管理、协调能力，具有较强的分析汇总能力、应对突发事件的能力。|b.熟练掌握数据ETL技术，具备数据采集、数据处理、数据仓库相关系统建设的技术能力。|c.精通软件工程理论和方法，包括需求分析、系统设计、编码、测试、部署等全生命周期管理。具备良好的编程习惯和文档编写能力，能够编写清晰、可维护的代码和文档。熟悉主流软件开发版本管理工具、开发调试工具、性能测试工具及持续集成部署工具等。|d.精通项目管理知识，具备丰富的项目管理经验，能够合理制定项目计划、分配资源，并严格把控项目建设进度和风险。|e.熟悉Hadoop、GBASE、达梦、TD等主流数据库，熟练掌握SQL语言。|f.熟悉银行业务，了解银行软件开发的特点和需求。|（5）符合我行近亲属回避制度规定。,http://www.zhaopin.com/jobdetail/CC200108110J40884193112.htm?refcode=4019&srccode=401903&preactionid=8dafd53f-5598-44bd-bac8-73f5f6e0522d,zhaopin,2026-03-13 17:41:45
外贸+大数据+AI智能（周末双休，英语佳优先）,环球慧思数据技术,青岛,8000-14000元,经验不限,本科,,嘿，朋友！我们正在寻找一位充满激情、敢于挑战的外贸业务员，一起探索海外市场的无限可能！|你的工作将是与海外客户建立和维护良好关系，了解市场动态，跟进订单并提供优质服务，参与商务谈判并达成合作。让我们一起跨越国界，拓展业务版图！|如果你具备以下条件，就赶快加入我们吧！|本科及以上学历，国际贸易、商务英语等相关专业优先；|英语听说读写能力俱佳，能熟练运用各种办公软件；|有外贸销售或相关领域工作经验者优先，但新手也欢迎挑战；|善于沟通和谈判，能独立处理和解决问题；|对市场变化敏感，学习能力强，能抗压。我们期待你的加入，一起书写外贸业务的新篇章！,http://www.zhaopin.com/jobdetail/CCL1285160610J40922326208.htm?refcode=4019&srccode=401903&preactionid=8dafd53f-5598-44bd-bac8-73f5f6e0522d,zhaopin,2026-03-13 17:41:47
销售-AI人工智能大数据软件-六险一金,企知道大数据科技有限公司,扬州,1.2-2万,经验不限,本科,,【公司简介】|企知道是国内领先的企业服务与科创服务平台，聚焦为企业提供全生命周期数字化服务，核心主推科创空间平台，同步覆盖知识产权、科技项目认证等配套业务，助力科创型企业、科技团队实现资源对接、能力升级与高效成长。我们深耕科创服务赛道，业务规模持续扩张，重视销售人才培养，为员工提供清晰的晋升路径与丰厚的激励回报，诚邀有野心、有韧性的销售精英加入，共拓科创空间服务新蓝海。|【薪资待遇】|基础薪资（按岗位级别：专员/组长/主管/经理差异化设定）+ 无上限高额提成 + 集团月度专项激励 ，多劳多得，上不封顶，收入与能力直接挂钩。|【岗位晋升】|以结果为导向，晋升机制透明，符合要求当月即可晋升，清晰晋升路径：专员 → 组长 → 主管 → 部门经理 → 分公司经理 → 区域经理 → 大区总监 ，为有能力者提供无限上升空间。|【核心福利】|年度价值贡献突出者，可参与公司股权分配，共享企业发展红利。|【岗位职责】|1、负责开发、维护公司客户，科创AI软件产品的销售及为客户提供知识产权和项目申报规划建议，客户资源由公司提供（入职后有系统性培训和带教）；|2、商务谈判、合同签订、收款推进；|3、维护新老客户的长期合作关系，完成销售目标。|【任职要求】|1、统招本科及以上学历，行业经验不限，愿意学；|2、拥抱变化，学习能力强，主动性强，抗压能力强，勤奋踏实、有韧性；|3、良好的沟通表达，愿意深耕科创空间平台销售领域，追求长期职业发展。,http://www.zhaopin.com/jobdetail/CCL1464680980J40916938808.htm?refcode=4019&srccode=401903&preactionid=8dafd53f-5598-44bd-bac8-73f5f6e0522d,zhaopin,2026-03-13 17:41:49
大数据开发工程师,华企高科(北京)科技产业发展有限公司,郑州,1-1.2万,5-10年,大专,,岗位职责：|1、参与项目需求分析、根据需求设计文档、准确且高质量完成代码编写及技术文档编写:|2、按照项目计划，完成开发任务，确保项目进度和质量；|3、构建项目指标体系，并基于指标体系，及时发现与定位业务问题；|4、设计数据质量监控规则，协同业务部门提升数据准确性及完整性；|5、参与数据中台的开发、建设流程和规范设计，包括：数据建模，数据管理规范设计，ETL流程优化等；|6、协调业务与技术团队，推动数据标准与规范的执行，解决项目问题。|任职要求：|1、计算机相关专业，5年以上数据开发工作经验，熟悉实时数仓、离线数仓建设领域的相关知识；|2、精通SQL语言，熟悉mysql、sqlserver等数据库的使用，熟悉维度建模方法论；|3、熟悉阿里云产品优先，如Dataworks、Flink/Hologres；|4、具有良好编码风格和敬业精神，包括逻辑思维能力、分析能力、理解业务的能力；|5、有学习能力，解决问题的能力，能承受工作压力，敢于挑战。,http://www.zhaopin.com/jobdetail/CCL1468998810J40758225806.htm?refcode=4019&srccode=401903&preactionid=8dafd53f-5598-44bd-bac8-73f5f6e0522d,zhaopin,2026-03-13 17:41:52
大数据开发工程师,上海问道云人工智能科技有限公司,上海,1.5-2万,3-5年,本科,,岗位职责：|1. 负责大数据平台开发，维护和优化，保障数据管道稳定高效运行。|2. 设计并开发数据ETL流程，处理海量数据，支持数据仓库建设，针对AI模型训练需求，优化ETL流程，增加数据标注、清洗、增广等AI预处理环节，提升数据对模型训练的适配性。|3. 参与实时计算系统开发，满足业务实时数据分析需求，协调大数据存储与AI算力资源的协同分配。|4. 与业务部门协作，理解数据需求，提供数据建模、清洗、聚合等解决方案，基于业务目标设计“数据+算力+AI”联合解决方案。|任职要求 ：|1. 编程基础：熟练使用Java/Scala/Python/SQL至少一种，熟悉算法与数据结构。|2. 大数据生态：精通Hadoop、Spark、Hive、HBase、Flink等框架，理解其底层原理；熟悉分布式计算、存储原理，掌握分布式算力与存储的协同优化方法。|3.数据仓库：熟悉维度建模、有数仓分层设计经验，具备为AI场景设计专用数据集市的能力。|4.AI与算力基础：了解大模型的训练与推理流程，熟悉AI任务对算力的核心需求；掌握至少一种AI算力优化技术（如模型量化、稀疏化、计算图剪枝），能结合大数据处理流程降低模型计算复杂度。,http://www.zhaopin.com/jobdetail/CCL1467964710J40592930012.htm?refcode=4019&srccode=401903&preactionid=8dafd53f-5598-44bd-bac8-73f5f6e0522d,zhaopin,2026-03-13 17:41:54
软件销售-科创AI大数据,企知道大数据科技有限公司,扬州,1.2-2万,经验不限,本科,,【公司简介】|企知道是国内领先的企业服务与科创服务平台，聚焦为企业提供全生命周期数字化服务，核心主推科创空间平台，同步覆盖知识产权、科技项目认证等配套业务，助力科创型企业、科技团队实现资源对接、能力升级与高效成长。我们深耕科创服务赛道，业务规模持续扩张，重视销售人才培养，为员工提供清晰的晋升路径与丰厚的激励回报，诚邀有野心、有韧性的销售精英加入，共拓科创空间服务新蓝海。|【薪资待遇】|基础薪资（按岗位级别：专员/组长/主管/经理差异化设定）+ 无上限高额提成 + 集团月度专项激励 ，多劳多得，上不封顶，收入与能力直接挂钩。|【岗位晋升】|以结果为导向，晋升机制透明，符合要求当月即可晋升，清晰晋升路径：专员 → 组长 → 主管 → 部门经理 → 分公司经理 → 区域经理 → 大区总监 ，为有能力者提供无限上升空间。|【核心福利】|年度价值贡献突出者，可参与公司股权分配，共享企业发展红利。|【岗位职责】|1、负责开发、维护公司客户，科创AI软件产品的销售及为客户提供知识产权和项目申报规划建议，客户资源由公司提供（入职后有系统性培训和带教）；|2、商务谈判、合同签订、收款推进；|3、维护新老客户的长期合作关系，完成销售目标。|【任职要求】|1、统招本科及以上学历，行业经验不限，愿意学；|2、拥抱变化，学习能力强，主动性强，抗压能力强，勤奋踏实、有韧性；|3、良好的沟通表达，愿意深耕科创空间平台销售领域，追求长期职业发展。,http://www.zhaopin.com/jobdetail/CCL1464680980J40820859808.htm?refcode=4019&srccode=401903&preactionid=8dafd53f-5598-44bd-bac8-73f5f6e0522d,zhaopin,2026-03-13 17:41:57
大数据java程序员,湖北省汉诚人力资源管理有限公司,哈尔滨,9000-12000元·13薪,经验不限,学历不限,,工作内容：|根据需求完成系统功能的设计和开发，确保代码的质量和可靠性；|进行系统的测试和调试，修复bug并优化系统性能；|撰写相关的技术文档和用户手册，方便团队和用户的使用和维护；|参与团队的协作工作，包括代码评审和技术交流等。|岗位要求：|计算机科学或相关专业的本科及以上学历；|熟练掌握JAVA开发语言和相关技术；|具备使用Spring、Hibernate等常用JAVA框架的经验者优先；|熟悉数据库设计和SQL语言者优先；|具备良好的团队合作能力和沟通能力。,http://www.zhaopin.com/jobdetail/CCL1465539790J40880291903.htm?refcode=4019&srccode=401903&preactionid=8dafd53f-5598-44bd-bac8-73f5f6e0522d,zhaopin,2026-03-13 17:41:59
大数据开发工程师,云基华海信息技术股份有限公司,西安,75-150元/天,,本科,,1，人工智能等相关专业（如：计算机科学、数学、认知科学等）优先；|2、熟悉大模型领域相关研究工作，有大模型研究与开发经验，拥有顶会论文、竞赛获奖、研究机构工作经验者优先；|3、熟练使用 Python等语言和大模型训练/微调相关代码库，能够研判领域内最新的研究趋势，能够系统性对比研究领域相关成果并制定探索计划；|4、写作能力突出，且有优秀的研究视野和判断力，具备优秀的问题提出、分析和解决能力，良好的团队协作精神和沟通意识。,http://www.zhaopin.com/jobdetail/CC630677820J40850474205.htm?refcode=4019&srccode=401903&preactionid=d5334a9b-2ed9-4a08-9cc5-5adaf2363244,zhaopin,2026-03-13 17:42:01
中级项目申报岗（AI大数据行业）,企知道大数据科技有限公司,广州,1.2-2.4万·13薪,3-5年,本科,,1、搜索整理政府部门发布的相关项目申报、资质认定、政策扶持、产业推进等政策文件；|2、搜集国家、省、市政府、经信委、科技厅、工信部等有关部门下达的各项计划通知，并学习相关政策，根据指南分析确定项目申报条件及客户资质选型；|3、结合项目实际情况，与客户交底对接，做好与客户的沟通联系、维护及挖掘客户需求等工作，保持长期合作关系及有开发客户意识;|4、组织项目申材料撰写、完善，确保申报方向准确性及申报材料的竞争性；|5、建立并保持与政府部门项目主管部门长期稳定的沟通关系，确保良性的政府环境：以结果为导向，提升自身专业性。|岗位要求:|1、具有近两年小巨人的申报成功经验，拥有高新技术企业、省级专精特新申报经验、大客户服务经验者优先；|2、对广州地区项目政策、市场有深入的了解，熟悉政府项目操作流程，能独立操作常规类项目申报及开展客户服务工作，有省级及以上类项目操作立项经验：|3、具有中小型企业服务经验，服务涉猎行业广；|4、能独立完成政府部门的公关及对接以及项目材料撰写工作;|5、富有团队精神，具有高度的责任心;,http://www.zhaopin.com/jobdetail/CCL1464680980J40894598708.htm?refcode=4019&srccode=401903&preactionid=d5334a9b-2ed9-4a08-9cc5-5adaf2363244,zhaopin,2026-03-13 17:42:04
大数据JAVA本部双二休,重庆智数上行科技有限公司,武汉,1.3-1.5万,经验不限,高中,,岗位内容：|1. 开发高质量的Java应用程序，保证代码的可读性、可维护性、可扩展性和性能。|2. 参与需求分析、系统设计和开发计划的制定。|3. 能够快速识别问题并提供有效的解决方案。|4. 与产品和测试团队紧密合作，确保产品质量符合用户期望。|任职要求：|1. 精通Java编程语言和Spring框架，有大型项目开发经验。|2. 拥有扎实的计算机基础，熟练掌握面向对象编程思想和设计模式。|3. 熟练使用常见的Web容器和数据库（如Tomcat、MySQL）。|4. 熟悉敏捷开发流程，具备优秀的沟通和协调能力。,http://www.zhaopin.com/jobdetail/CCL1497710970J40847744514.htm?refcode=4019&srccode=401903&preactionid=d5334a9b-2ed9-4a08-9cc5-5adaf2363244,zhaopin,2026-03-13 17:42:07
大数据开发（北京-线上面试）,深圳华云信息系统科技股份有限公司,北京,1.2-1.5万,5-10年,本科,,"岗位职责：|1. 数据仓库和大数据处理模块的架构设计、开发和维护；|2. 负责数据清洗、加工、分类等开发工作；优化数据模型和ETL性能，参与数据治理，确保数据质量；|3. 响应各业务团队的数据需求，优化需求响应效率；|4. 基于公司金融科技背景，设计符合金融行业特性的数据解决方案；|5. 参与公司AI+大数据相关解决方案的数据架构部分设计与实施。|岗位要求：|1. 本科及以上学历，3年以上相关工作经验，具有互联网、大数据开发，数据分析经验；|2. 熟悉Java、Scala 之一，对于Hadoop、Hive、Spark有实际的编码能力和项目经验；|3. 熟悉数据仓库建模理论、模型设计、ETL设计思路, 并有实际完整项目实践；|4. 熟悉至少一种主流数据库系统，精通SQL，有较好的SQL性能调优经验；|5. 熟练使用Shell、Python之一；|6. 对数据敏感，具备良好的逻辑思维能力、具有团队精神以及优秀的问题解决能力；|7. 有金融科技行业数据仓库建设经验者优先。",http://www.zhaopin.com/jobdetail/CC258672210J40798886816.htm?refcode=4019&srccode=401903&preactionid=d5334a9b-2ed9-4a08-9cc5-5adaf2363244,zhaopin,2026-03-13 17:42:10
科创大数据软件销售顾问,企知道大数据科技有限公司,常州,8000-15000元,经验不限,大专,,【企知道是一家基于大数据、云计算、人工智能技术，向企业提供科创服务（知识产权、产业政策申报、产学研对接、科创金融等）、SaaS平台服务、科创AI大数据服务的专业服务机构，知识产权行业龙头企业，致力于提升全天下企业核心竞争力。总部位于深圳，全国设有60多家分子公司，累计合作客户20万家，员工超5000人。|【公司产品】科创大数据服务平台+科技项目申报+专利+财税服务，是国家工信部认定的全国唯一的科创服务类大数据产业发展示范企业|【工作内容】电销+面销|1、面向制造业、商贸业、科技型公司等企业客户，挖掘需求，推广大数据AI产品。|2、紧跟市场经济环境，深度学习研究公司的产品内容；|3、与意向客户进行线上或线下的商务谈判，解决客户疑虑，达成合作；|4、完成个人业绩目标，并与团队成员配合，实现团队业绩目标；|5、工作流程：电话邀约—线下面谈—商务洽谈—成交签单|【任职要求】|1、大专及以上学历；|2、具有1年以上大客户销售经验，有IT行业、软件、企业服务等行业销售经验优先；|3、逻辑思维强，善于总结并具备解决问题的能力；具备良好的目标感、主动性、学习能力和沟通能力；|4、看好大数据、人工智能行业的发展前景，有志于在本行业长期发展。|【工作时间】|上午8:30-12:00，下午13:30-18:00，周日固定休息，法定节假日按国家通知放假。|【薪资待遇】|1、薪资待遇：无责任底薪（5k—10k，专员5k—6k，干部6k—10k，具体定薪依据面试定级确认）+高额提成（6%—15%，客单价10w—50w）+奖金（月度、季度、年度），人均月薪1w-2w；|2、入职即缴纳五险一金+转正后额外缴纳商业险+节日福利+生日福利+节日聚餐+定期体检+期权等；|3、培训：线上+线下培训模式，建立线上企业大学平台提供相应网课，线下资深老师带教，对无行业经验新人也可快速上手；|4、晋升机会公开透明：按照业绩能力，无排资论辈，专员—组长—主管—经理—分总。,http://www.zhaopin.com/jobdetail/CCL1464680980J40822387708.htm?refcode=4019&srccode=401903&preactionid=d5334a9b-2ed9-4a08-9cc5-5adaf2363244,zhaopin,2026-03-13 17:42:12
大数据JavaaScript程序员双二休,山东胜兴城市服务有限公司,上海,1.6-1.7万,经验不限,高中,,岗位内容：|1. 开发和维护现代 Web 应用程序，使用 JavaScript、HTML 和 CSS。|2. 设计并开发前端交互界面，确保用户体验优良。|3. 与团队合作，解决技术问题和提高代码质量。|任职要求：|1. 熟练掌握 JavaScript 的核心概念和语法。|2. 能够使用 React 或 Vue.js 等流行的前端框架进行 Web 开发。|3. 了解常用的前端工具链，如 Webpack、Babel 等。|4. 具备良好的沟通能力和团队合作精神。,http://www.zhaopin.com/jobdetail/CCL1477986240J40930530202.htm?refcode=4019&srccode=401903&preactionid=d5334a9b-2ed9-4a08-9cc5-5adaf2363244,zhaopin,2026-03-13 17:42:15
通讯大数据维护工程师,西安中兴精诚通讯有限公司,沈阳,7000-14000元,经验不限,本科,,一、专业要求|优先招聘以下本科专业：|1. 数据科学与大数据技术|2. 计算机科学与技术|3. 软件工程|4. 信息与计算科学|5. 网络工程/信息安全|6.，通信工程/电子信息工程|二、核心能力|1. 熟悉Linux基础操作，能进行日常服务启停、日志排查|2. 了解MySQL等关系型数据库，会基本SQL查询|3. 了解大数据基础组件（Hadoop/Hive/Spark/Kafka任一即可），有实操优先|4. 具备基础排查问题、处理异常的能力，细心负责|5. 学习能力强，能快速适应平台运维、数据巡检、任务监控等工作|三、素质要求|1. 工作踏实、责任心强，能适应运维值班/监控值守|2. 沟通顺畅，执行力强，稳定性高，愿意长期深耕运维/数据维护方向,http://www.zhaopin.com/jobdetail/CC142685850J40866059313.htm?refcode=4019&srccode=401903&preactionid=d5334a9b-2ed9-4a08-9cc5-5adaf2363244,zhaopin,2026-03-13 17:42:16
B端销售储备干部（全球科创大数据AI平台）,企知道大数据科技有限公司,重庆,1-1.5万·13薪,3-5年,大专,,一、岗位职责|1、熟悉公司产品，承接销售目标，制定并推进销售计划，对业绩结果负责|2、洞察市场与竞争对手动态，及时反馈信息并提出有效建议，助力团队销售策略优化|3、销售模式为电销+面销，介意勿投|二、任职要求|1、大专及以上学历，理工科专业优先|2、有丰富的B端客户开发经验（有SaaS售卖经验或客户群体以制造业为主者加分），有电销拓客经验|3、对当地企业生态和SaaS软件行业有一定的理解和认知，认可公司的产品及发展|4、具备较强的商务洽谈能力和敏锐的市场洞察能力，积极主动、吃苦耐劳，有强烈的事业心和目标感|三、薪资待遇：|1、薪资待遇：无责底薪6k-11k（面试定级定薪）+高额提成+绩效奖金等|2、晋升通道：路径清晰，专员-组长-主管-经理-城市负责人-区域总监|3、公司福利：六险一金、生日礼金、节日礼品及晚宴、免费体检、带薪年假、团建下午茶、结婚礼金等|4、备注：本岗位单休，介意勿投|四、选择企知道的理由 （网址：www.qizhidao.com）：|1、行业：优势新兴行业，国家政府大力支持，发展迅速|2、公司：集团性公司，全国60多家分公司，90后为主，氛围和谐轻松，发展好，机会多|3、个人成长：接触高端客户，接洽企业高管，提升能力、开拓视野,http://www.zhaopin.com/jobdetail/CCL1464680980J40918032008.htm?refcode=4019&srccode=401903&preactionid=d5334a9b-2ed9-4a08-9cc5-5adaf2363244,zhaopin,2026-03-13 17:42:18
大数据总监,爱谱华顿,上海,1.6-2.5万,5-10年,本科,,岗位职责：|1、负责制定公司大数据发展战略，规划大数据平台架构，推动大数据应用和业务创新；|领导和管理大数据团队，负责团队成员的培训、指导和评估；|2、负责大数据平台的技术选型、部署、维护和优化，确保数据安全、稳定和高效运行；|3、挖掘业务需求，设计大数据解决方案，为业务部门提供数据支持和技术服务；|4、跟踪大数据领域技术动态，进行技术研究，推动团队技术创新；|5、与其他部门协同合作，确保大数据项目按时完成并满足业务需求。|任职要求|1、计算机相关专业本科及以上学历，5年以上大数据领域工作经验；|2、熟悉大数据技术栈，包括Hadoop、Spark、Hive、HBase、Flink 等；|3、熟练掌握SQL、Python、Java等编程语言，具备优秀的数据处理和分析能力；|4、具备良好的数据敏感度和业务理解能力，能够从海量数据中发现和解读规律；|5、具备较强的团队管理能力和沟通协调能力，能够带领团队完成项目任务。,http://www.zhaopin.com/jobdetail/CC131100140J40883995012.htm?refcode=4019&srccode=401903&preactionid=d5334a9b-2ed9-4a08-9cc5-5adaf2363244,zhaopin,2026-03-13 17:42:21
大数据实施运维工程师,北京尚博信科技有限公司,广州,1-1.2万,5-10年,本科,,"1、具备CDH集群的组件部署, 节点扩容,资源优化等运维工作能力；|2、熟系linux操作系统命令，掌握shell脚本编写,具备自动化运维能力；|3、具备100+节点以上或pb级大数据集群运维经验；|4、熟悉操作系统应用常用命令，包括Linux、Windows等；|5、熟悉常用运维脚本语言，如Shell/Python/Golang等；|7、熟悉大型数据库技术和工具，包括Mysql、SQL Server、Oracle、PostgreSQL、MogonDB、Redis等；|8、熟悉星环大数据平台的开发工具及数据治理组件，如一站式开发平台Data Studio（TDS）、大数据基础平台TDH、实时流计算引擎Slipstream、分布式分析型数据库ArgoDB、数据集成工具Transporter，以及数据安全平台Defensor和专项治理工具Governor；|9、精通SQL和至少一种编程语言，熟悉常见数据开发管理平台、数据库、数据湖仓架构、数据可视化工具等。具备数据开发能力，能够独立处理复杂数据问题；|10、熟悉石油石化大型能源企业（中石油、中海油、中石化等）中下游业务、DCMM 标准、项目管理者优先.",http://www.zhaopin.com/jobdetail/CC219197610J40866015913.htm?refcode=4019&srccode=401903&preactionid=d5334a9b-2ed9-4a08-9cc5-5adaf2363244,zhaopin,2026-03-13 17:42:23
To B销售主管--薪酬上限高/大数据AI平台,企知道大数据科技有限公司,武汉,8000-16000元·14薪,3-5年,大专,,岗位职责：|1、负责团队的日常管理（包括但不限于早中晚会议召开、团队新人带教、团队日常工作安排、团队的帮扶和辅导、团队氛围营造、跟进团队过程和结果达成情况）；|2、持续学习企知道“科创空间”产品功能、优势、和竞品差异，以及涉及到的知识产权、产业政策、财税咨询等领域相关的专业知识；|3、负责带领团队通过电话、在线咨询、面谈等各种方式和渠道挖掘潜在客户，查找和准备客户资料，持续跟进邀约决策人；|4、根据客户情况，为客户制定产品规划方案，准备见客资料，现场谈判达成合作；|任职要求：|1、统招大专及以上，3-5年销售经验，有B端销售经验优先，有团队管理经验优先；|2、有过出色的成绩，积极进取，目标感强、韧性好，抗压能力优秀，学习能力和沟通表达能力良好；|3、对于新的行业和岗位有敬畏心、空杯心态，有志于在本行业长期发展；|薪资待遇：|1、底薪+高额提成（几千到十几万不等）+年终和年底奖金+优秀者匹配股权；|2、入职缴纳五险一金，转正增加商业保险；|3、各类大小节假日福利+每月下午茶+带薪年假+季度团建+年度体检+生日/转正/晋升/周年礼；|4、周边交通便利、办公环境高档舒适|备注：可登录网站https://qiye.qizhidao.com/了解企知道“科创空间”产品,http://www.zhaopin.com/jobdetail/CCL1464680980J40917072208.htm?refcode=4019&srccode=401903&preactionid=d5334a9b-2ed9-4a08-9cc5-5adaf2363244,zhaopin,2026-03-13 17:42:26
大数据开发（3年以上经验）,北京青钱信息技术有限公司,北京,1.4-1.6万,3-5年,本科,,北银金科项目，11月底到期；线上面试；自考本有毕业证也可以|工作技能：|1. 具有3年以上工作经验，具备数仓建模理论知识，熟悉范式建模和维度建模，能够进行数据模型设计（MAPPING和物理模型设计）；|2. 精通SQL语言，能够根据设计方案输出高质量代码，可以进行代码优化；|3. 精通常用数据库系统(Oracle/Mysql/Greenplum/hive/tidb)，有丰富的存储过程开发、SQL优化等数据开发经验优先；|4. 具有ETL工具使用经验、适配和开发异构数据的传输工具程序；|5. 熟悉金融业务知识，了解银行相关业务系统及系统间的数据关系；,http://www.zhaopin.com/jobdetail/CC337626410J40844054310.htm?refcode=4019&srccode=401903&preactionid=d5334a9b-2ed9-4a08-9cc5-5adaf2363244,zhaopin,2026-03-13 17:42:28
大数据应用测试工程师,北京三快在线科技有限公司,北京,面议,经验不限,本科,,"基础研发平台是美团的核心技术平台，立足于“零售+科技”的战略定位，通过打造人工智能、大数据、云计算、安全等核心技术能力，以及研发效能平台、企业应用平台等公共服务，为业务提供稳定安全、扩展易用、技术领先的平台技术和产品服务。|在这里，我们会参与到最前沿的技术研发和探索；能够接触超规模集群、海量数据，挑战高复杂业务场景，有机会与业界一流的工程师一起并肩前行。|在这里，我们有超强的技术氛围，持续向社区贡献业界实践，加速行业技术发展；我们有完善的互联网学习生态圈，重视底层逻辑和方法论，助力职业生涯的非线性成长。|真诚地邀请你，和我们一起驱动技术发展，创造行业价值。|岗位职责|1.负责大数据相关业务（数据引擎、数据中台、数据应用等）全流程的质量保证工作；|2.参与需求分析评审、系统设计、制定测试计划、设计和执行测试用例、开发维护自动化测试用例、把控项目进度和风险、分析和改进线上问题等；|3.根据项目需要，推动产品、设计、研发等角色，按时保质交付产品上线；|4.分析产品质量和研发过程质量，熟练应用质量相关工具，推动质量持续改进；|5.建设大数据稳定性测试体系，包括性能压测、可靠性、长稳、规格等，保障并支撑业务的稳定性指标达成，提升团队稳定性测试能力；|6.提升团队自动化开发效率、覆盖率、运营效果，结合AI在测试流程生命周期里解决能效问题，高效保障需求上线和质量保障工作；|岗位基本需求|1.计算机或相关专业本科及以上学历，有大数据测试经验者优先；|2.熟悉大数据相关组件，包括hadoop、spark,clickhouse等存算湖仓引擎；|3.熟悉数据中台和数据应用，进行过数据开发治理、BI报表、画像等数据平台和应用测试；|4.精通测试和质量理论知识，掌握稳定性测试方法并有相关的优秀实践；|5.能够指导团队开展各环节测试，沉淀切实有效的最佳实践，并推广应用辐射团队；|6.独立完成复杂专项测试，指导团队完成专项测试；|7.具有良好的编程能力（熟悉Java/Python至少一门语言），丰富的工具开发和自动化测试经验；|8.熟练使用Linux系统，具有实际测试环境搭建和维护管理的经验；|9.熟悉容器化平台（K8S），具有相关的测试和维护管理经验；|10.具备良好的团队合作精神，善于协调沟通，具备较强的问题定位和推动解决能力；|11.能面对大数据的机遇与挑战，保持工作激情；|具备以下者优先|1.具有大数据相关测试经验优先；|2.熟悉Hadoop生态相关技术并有相关实践经验者优先，如Hdfs、Mapreduce、Hive、Hbase、Spark、Storm；|3.熟悉数据仓库领域知识和技能者优先，包括但不局限于：元数据管理、数据开发测试工具与方法、数据质量、主数据管理|4.具备自动化框架开发、AI agent、AI CODING开发实践者优先；|5.具备国际化出海测试经验者优先；|岗位亮点|1.有机会全身心地参与大数据测试体系建设工作中，体验并掌握大数据生态各个环节的核心技术要素；|2.有复杂的架构设计和算法逻辑实现，有承接面对上亿级的数据生态场景，每天处理PB级的数据平台，以及构建其上满足不同业务需求的丰富的数据产品；|3.这里有技术专业的数据团队，和技术大牛近距离接触，加入团队能够飞速成长；|4.在这里你可以和一群 geek 工程师一起解决技术难题，一起成长，一起体验激情创造的过程；",http://www.zhaopin.com/jobdetail/CC383625320J40828312209.htm?refcode=4019&srccode=401903&preactionid=d5334a9b-2ed9-4a08-9cc5-5adaf2363244,zhaopin,2026-03-13 17:42:29
销售主管/科创大数据,企知道大数据科技有限公司,嘉兴,1-1.5万,3-5年,大专,,【企知道科技】|国家级认证科创大数据 AI 平台，工信部认证科创服务类大数据产业发展试点示范项目，人民网・人民数据全面合作伙伴，国家级背书，平台硬实力拉满！|【你要做的事 —— 带队打胜仗，做团队主心骨】|1、挖掘、开拓中大型企业、高成长企业客户，深度对接企业高管与决策层，推进自主研发平台[科创空间]，解决知识产权全生命周期解决方案，打造标杆客户与长期合作体系；|2、全面负责销售团队的日常管理与业绩目标达成，制定团队销售计划、分解业绩指标，带领团队完成公司下达的回款目标，统筹区域销售全盘工作（自己也需要开发客户）；|3、负责团队搭建、人才培养，做好组员赋能、话术打磨、技能培训、过程管控，优化销售打法，提升团队人效与转化率；|4、实时把控行业动态、竞品情况与客户需求变化，向上反馈市场策略，优化团队作战方案，带领团队持续冲刺更高业绩，打造高绩效王牌战队；|【我们希望你 —— 有经验、能带兵、敢冲锋】|1、大专及以上学历，3 年及以上销售经验 + 1 年及以上销售团队管理经验（团队管理经验丰富、业绩突出者，条件可放宽）；|2、有独立谈单、面销、ToB、SaaS、知识产权、企业服务类销售管理经验者优先；|3、出色的团队领导力、谈判能力与抗压能力，逻辑清晰、目标感强；|【薪酬福利 —— 不画饼，真金白银 + 硬核保障】|1、薪资架构：无责底薪 + 团队提成 +年终奖，收入上不封顶，能力越强赚得越多！|2、入职即缴五险一金，转正升级六险一金；带薪年假、节日福利、生日惊喜、团建旅游、零食下午茶、年度体检，福利拉满；|【选择企知道，N个必来理由】|1、国家级风口赛道，政策大力扶持，行业天花板极高，做管理不内卷、有前景、好出成绩；|2、全国60+分公司，规模化大平台，体系成熟，资源充足，给管理足够的施展空间；|3、团队以 90后为主，氛围年轻轻松、简单直接，没有办公室政治，上下级沟通高效；|4、常年对接企业高管、高端客户，快速提升格局与人脉，个人商业视野直线拉升；|5、完善管理培训体系 + 高管1v1带教，从销售管理者到运营管理者，全方位赋能，快速晋升管理层高层；|6、专业中台、技术、运营、售后全线支撑，前端管理只管带队冲锋，无后顾之忧；|7、晋升超快、机制透明！不看资历、不卡年龄、不熬年限，每月一次晋升考核，能者直线上位！|想带团队、想做管理、想拿高薪、想长期发展的实力派，别犹豫，直接冲！这里有平台、有资源、有机制，只差一个带队的你！,http://www.zhaopin.com/jobdetail/CCL1464680980J40916877308.htm?refcode=4019&srccode=401903&preactionid=d5334a9b-2ed9-4a08-9cc5-5adaf2363244,zhaopin,2026-03-13 17:42:32
大数据工程师(J10287),深圳市凯度电器有限公司,深圳,2.5-3万,经验不限,硕士,,"岗位职责:|1、负责大数据平台设计和搭建；|2、负责从海量日志提取数据和数据分析，支持市场以及营销活动的数据需求；|3、负责用户画像分析；|4、负责设备画像分析；|5、根据业务目标进行数据建模、数据挖掘，学习、研究Hadoop及相关技术内核，并将其运用与实践；|任职要求:|1、计算机相关专业统招硕士及以上学历，3年以上大数据开发经验；|2、熟悉常用设计模式，掌握分布式服务、高扩展，高可用，高性能系统的设计与编码，大规模存储系统、实时及离线计算、数据仓库方面有经验者优先；|3、熟悉大数据生态包括不限于Hadoop/Spark/Hive/Hbase/Yarn/ClickHouse/ElasticSearch,并有相关项目开发经验；|4、熟悉流计算编程，熟练掌握Flink、Kafka、Flume等开源工具或框架；|5、熟悉数据ETL的流程和每个过程的关键数据处理方法和技巧，对OLAP报表及可视化有一定的了解；|6、熟练使用Java/Python/SQL等编程语言，具备良好软件敏捷开发习惯；",http://www.zhaopin.com/jobdetail/CC594191620J40926231615.htm?refcode=4019&srccode=401903&preactionid=d5334a9b-2ed9-4a08-9cc5-5adaf2363244,zhaopin,2026-03-13 17:42:34
大数据技术专业教师,上海东海职业技术学院,上海,9000-15000元,经验不限,硕士,,1.高级职称或博士或高级技师；|2.三年内以第一作者身份发表高水平论文、获得科研成果奖励、获得技能竞赛奖项/技术革新案例者优先。,http://www.zhaopin.com/jobdetail/CC197664910J40785386016.htm?refcode=4019&srccode=401903&preactionid=d5334a9b-2ed9-4a08-9cc5-5adaf2363244,zhaopin,2026-03-13 17:42:37
大数据SaaS软件销售顾问—晋升快，前景优！,企知道大数据科技有限公司,天津,7000-14000元,1-3年,本科,,工作职责：|1、负责意向客户的开发、洽谈、跟进及转化，完成个人既定业绩目标；|2、与企业建立深度合作关系，解决产品售卖过程中的问题，提高客户满意度；|3、定期定量进行回访工作，做好客情维护工作。|4、与客户建立长期良好合作关系，提供全面的一站式服务。|5、公司有健全的培训体系，无相关行业经验亦可快速上手。|任职要求：|1、本科及以上学历，1-3年销售经验，有B端销售经验者优先。|2、口齿清晰，普通话标准，语音富有感染力，积极向上的90后。|3、对工作有较高的热情，看好知识产权行业的发展前景。|4、具备较强的自我学习和总结能力，具备优秀的客户沟通能力。|5、执行力强，追求团队带动个人价值，具备良好的应变能力和承压能力。|岗位福利：|1、创业福利：工作努力、表现突出、并且力求上进者，有资格入股成为维正集团分公司股东。|2、培训福利：每月均有不定期的各种培训，如专利、项目、财税、商务谈判等专业知识培训。|3、晋升规划：集团拥有公平公开、健全的干部培养计划，能提供长远发展的职业发展平台。|4、年终奖：公司每年年底根据企业经济效益与员工表现对在岗人员发放年终奖。|5、节假日福利：中秋、春节等传统节日公司统一发放礼品、维正家人聚餐等活动。|6、生日福利：生日当天会收到来自集团所有人的祝福，并有惊喜等你。|7、其他福利：五险一金、补充意外险、年度体检、团建活动，精美下午茶等。,http://www.zhaopin.com/jobdetail/CCL1464680980J40804010708.htm?refcode=4019&srccode=401903&preactionid=d5334a9b-2ed9-4a08-9cc5-5adaf2363244,zhaopin,2026-03-13 17:42:39
大数据系统级测试工程师,北京三快在线科技有限公司,成都,面议,5-10年,本科,,"基础研发平台是美团的核心技术平台，立足于“零售+科技”的战略定位，通过打造人工智能、大数据、云计算、安全等核心技术能力，以及研发效能平台、企业应用平台等公共服务，为业务提供稳定安全、扩展易用、技术领先的平台技术和产品服务。|在这里，我们会参与到最前沿的技术研发和探索；能够接触超规模集群、海量数据，挑战高复杂业务场景，有机会与业界一流的工程师一起并肩前行。|在这里，我们有超强的技术氛围，持续向社区贡献业界实践，加速行业技术发展；我们有完善的互联网学习生态圈，重视底层逻辑和方法论，助力职业生涯的非线性成长。|真诚地邀请你，和我们一起驱动技术发展，创造行业价值。|岗位职责|1.负责大数据相关业务（数据引擎、数据中台、数据应用等）全流程的质量保证工作；|2.参与需求分析评审、系统设计、制定测试计划、设计和执行测试用例、开发维护自动化测试用例、把控项目进度和风险、分析和改进线上问题等；|3.根据项目需要，推动产品、设计、研发等角色，按时保质交付产品上线；|4.分析产品质量和研发过程质量，熟练应用质量相关工具，推动质量持续改进；|5.建设大数据稳定性测试体系，包括性能压测、可靠性、长稳、规格等，保障并支撑业务的稳定性指标达成，提升团队稳定性测试能力；|6.提升团队自动化开发效率、覆盖率、运营效果，结合AI在测试流程生命周期里解决能效问题，高效保障需求上线和质量保障工作；|岗位基本需求|1.计算机或相关专业本科及以上学历，6年以上大数据测试经验者优先；|2.熟悉大数据相关组件，包括hadoop、spark,clickhouse等存算湖仓引擎；|3.熟悉数据中台和数据应用，进行过数据开发治理、BI报表、画像等数据平台和应用测试；|4.精通测试和质量理论知识，掌握稳定性测试方法并有相关的优秀实践；|5.能够指导团队开展各环节测试，沉淀切实有效的最佳实践，并推广应用辐射团队；|6.独立完成复杂专项测试，指导团队完成专项测试；|7.具有良好的编程能力（熟悉Java/Python至少一门语言），丰富的工具开发和自动化测试经验；|8.熟练使用Linux系统，具有实际测试环境搭建和维护管理的经验；|9.熟悉容器化平台（K8S），具有相关的测试和维护管理经验；|10.具备良好的团队合作精神，善于协调沟通，具备较强的问题定位和推动解决能力；|11.具备较强的抗压能力，能面对大数据的机遇与挑战，在较大压力下保持工作激情；|具备以下者优先|1.具有大数据相关测试经验优先；|2.熟悉Hadoop生态相关技术并有相关实践经验者优先，如Hdfs、Mapreduce、Hive、Hbase、Spark、Storm；|3.熟悉数据仓库领域知识和技能者优先，包括但不局限于：元数据管理、数据开发测试工具与方法、数据质量、主数据管理|4.具备自动化框架开发、AI agent开发实践者优先；|5.具备国际化出海测试经验者优先；|岗位亮点|1.有机会全身心地参与大数据测试体系建设工作中，体验并掌握大数据生态各个环节的核心技术要素；|2.有复杂的架构设计和算法逻辑实现，有承接面对上亿级的数据生态场景，每天处理PB级的数据平台，以及构建其上满足不同业务需求的丰富的数据产品；|3.这里有技术专业的数据团队，和技术大牛近距离接触，加入团队能够飞速成长；|4.在这里你可以和一群 geek 工程师一起解决技术难题，一起成长，一起体验激情创造的过程；",http://www.zhaopin.com/jobdetail/CC383625320J40752440309.htm?refcode=4019&srccode=401903&preactionid=d5334a9b-2ed9-4a08-9cc5-5adaf2363244,zhaopin,2026-03-13 17:42:41
下属企业海南金垦赛博信息科技有限公司技术开发岗大数据方向（劳务派遣）,海南农垦科技集团有限公司,海口,7000-10000元,海秀,5-10年,,一.用工形式：劳务派遣|二.任职要求：|1.大学本科及以上学历，计算机科学与技术、软件工程等相关专业；|2.原则年龄35周岁以下；|3.具备5年及以上大数据平台设计与研发经验，具备全面的数据架构能力；|4.熟悉主流大数据技术体系及其底层架构原理，包括 Hadoop、Spark、Flink等，能够进行合理组件选型与性能调优；|5.熟悉主流关系型与非关系型数据库的架构原理与实践，包括MySQL、PostgreSQL、Redis等，具备数据建模和查询优化能力；|6.能够综合评估大数据平台架构的可行性、可扩展性与性能指标，并提出优化方案；|7.对数据治理体系与数据架构方法论有深入理解，能够结合业务场景推动数据标准、数据质量、元数据、主数据等治理工作；|8.具备较强的自我驱动力与问题解决能力，逻辑思维清晰，善于归纳总结；具备良好的沟通协调能力和跨部门协作能力，能在复杂环境中高效推进项目落地。|9.特别优秀的可适当放宽相关要求。|三.工作内容：|1.负责大数据平台(包括数据建模、数据架构、数据治理、数据管理、数据安全、数据运营等技术领域)的设计、开发、维护、优化；|2.构建数据中台服务体系，满足客户敏捷化数据分析、挖掘需求，提供多场景、高效的数据支持服务；|3.建设数据仓库，为离线批处理及实时流处理提供平台技术及数据支撑；|4.协助处理与数据相关的技术问题并支持其数据基础架构需求；|5.研究与跟踪大数据技术发展方向并推进技术演进和优化，大数据应用支持及大数据平台的扩容、集群安全等的实施及推进；|6.负责数据模型的设计，ETL实施，ETL性能优化，ETL数据监控以及相关技术问题的解决；|7.制定数据管理规范和流程，统筹实施数据指标体系和经营分析模型，提升数据文化并实现数据价值。|8.完成公司及部门领导交代的其他工作。,http://www.zhaopin.com/jobdetail/CCL1368456080J40920317908.htm?refcode=4019&srccode=401903&preactionid=d5334a9b-2ed9-4a08-9cc5-5adaf2363244,zhaopin,2026-03-13 17:42:43
大数据AI+知识产权赛道-储备干部（管理）,企知道大数据科技有限公司,天津,8000-15000元,3-5年,本科,,岗位职责：|工作职责:|1、通过电话、网络、面谈等渠道挖掘潜在客户，将其转为意向客户|2、负责销售团队的管理工作，带领团队完成销售目标；|3、执行公司销售政策及流程，根据销售任务制定部门销售计划及销售策略；|4、监督下属团队销售计划的执行情况，针对问题提出有效的指导建议和改善措施；|任职要求：|1、统招本科及以上学历，具有B端软件销售经验优先。|2、有多年的销售管理经验，有独立谈单/签单及带队经验，面试定级（储备组长，储备主管，储备经理）。|3、口齿清晰，普通话标准，语音富有感染力，积极向上的90后。|4、对工作有较高的热情，看好知识产权行业的发展前景。|5、具备较强的自我学习和总结能力，具备优秀的客户沟通能力。|6、执行力强，追求团队带动个人价值，具备良好的应变能力和承压能力。|岗位福利：|1、创业福利：工作努力、表现突出、并且力求上进者，有资格入股成为维正集团分公司股东。|2、培训福利：每月均有不定期的各种培训，如专利、项目、认证、财税、商务谈判等专业知识培训。|3、晋升规划：集团拥有公平公开、健全的干部培养计划，能提供长远发展的职业发展平台。|4、年终奖：公司每年年底根据企业经济效益与员工表现对在岗人员发放年终奖。|5、节假日福利：中秋、春节等传统节日公司统一发放礼品、维正家人聚餐等活动。|6、生日福利：维正家人生日当天会收到来自集团所有人的祝福，并有惊喜等你。|7、其他福利：五险一金、补充意外险、年度体检、团建活动，精美下午茶等。|上班时间：|冬令时：8:30-18:00（午休12:00-13:30）|夏令时：8:30-18:00（午休12:00-14:00）,http://www.zhaopin.com/jobdetail/CCL1464680980J40801431708.htm?refcode=4019&srccode=401903&preactionid=d5334a9b-2ed9-4a08-9cc5-5adaf2363244,zhaopin,2026-03-13 17:42:46
大数据系统级测试工程师,北京三快在线科技有限公司,北京,面议,5-10年,本科,,"基础研发平台是美团的核心技术平台，立足于“零售+科技”的战略定位，通过打造人工智能、大数据、云计算、安全等核心技术能力，以及研发效能平台、企业应用平台等公共服务，为业务提供稳定安全、扩展易用、技术领先的平台技术和产品服务。|在这里，我们会参与到最前沿的技术研发和探索；能够接触超规模集群、海量数据，挑战高复杂业务场景，有机会与业界一流的工程师一起并肩前行。|在这里，我们有超强的技术氛围，持续向社区贡献业界实践，加速行业技术发展；我们有完善的互联网学习生态圈，重视底层逻辑和方法论，助力职业生涯的非线性成长。|真诚地邀请你，和我们一起驱动技术发展，创造行业价值。|岗位职责|1.负责大数据相关业务（数据引擎、数据中台、数据应用等）全流程的质量保证工作；|2.参与需求分析评审、系统设计、制定测试计划、设计和执行测试用例、开发维护自动化测试用例、把控项目进度和风险、分析和改进线上问题等；|3.根据项目需要，推动产品、设计、研发等角色，按时保质交付产品上线；|4.分析产品质量和研发过程质量，熟练应用质量相关工具，推动质量持续改进；|5.建设大数据稳定性测试体系，包括性能压测、可靠性、长稳、规格等，保障并支撑业务的稳定性指标达成，提升团队稳定性测试能力；|6.提升团队自动化开发效率、覆盖率、运营效果，结合AI在测试流程生命周期里解决能效问题，高效保障需求上线和质量保障工作；|岗位基本需求|1.计算机或相关专业本科及以上学历，6年以上大数据测试经验者优先；|2.熟悉大数据相关组件，包括hadoop、spark,clickhouse等存算湖仓引擎；|3.熟悉数据中台和数据应用，进行过数据开发治理、BI报表、画像等数据平台和应用测试；|4.精通测试和质量理论知识，掌握稳定性测试方法并有相关的优秀实践；|5.能够指导团队开展各环节测试，沉淀切实有效的最佳实践，并推广应用辐射团队；|6.独立完成复杂专项测试，指导团队完成专项测试；|7.具有良好的编程能力（熟悉Java/Python至少一门语言），丰富的工具开发和自动化测试经验；|8.熟练使用Linux系统，具有实际测试环境搭建和维护管理的经验；|9.熟悉容器化平台（K8S），具有相关的测试和维护管理经验；|10.具备良好的团队合作精神，善于协调沟通，具备较强的问题定位和推动解决能力；|11.具备较强的抗压能力，能面对大数据的机遇与挑战，在较大压力下保持工作激情；|具备以下者优先|1.具有大数据相关测试经验优先；|2.熟悉Hadoop生态相关技术并有相关实践经验者优先，如Hdfs、Mapreduce、Hive、Hbase、Spark、Storm；|3.熟悉数据仓库领域知识和技能者优先，包括但不局限于：元数据管理、数据开发测试工具与方法、数据质量、主数据管理|4.具备自动化框架开发、AI agent开发实践者优先；|5.具备国际化出海测试经验者优先；|岗位亮点|1.有机会全身心地参与大数据测试体系建设工作中，体验并掌握大数据生态各个环节的核心技术要素；|2.有复杂的架构设计和算法逻辑实现，有承接面对上亿级的数据生态场景，每天处理PB级的数据平台，以及构建其上满足不同业务需求的丰富的数据产品；|3.这里有技术专业的数据团队，和技术大牛近距离接触，加入团队能够飞速成长；|4.在这里你可以和一群 geek 工程师一起解决技术难题，一起成长，一起体验激情创造的过程；",http://www.zhaopin.com/jobdetail/CC383625320J40752440409.htm?refcode=4019&srccode=401903&preactionid=938910cf-4104-425d-bf81-0b8f62c2aebc,zhaopin,2026-03-13 17:42:48
大数据开发工程师（短期项目，银行经验）,北京青钱信息技术有限公司,北京,1.5-1.6万,3-5年,本科,,工作技能：|1. 具有3年以上工作经验，具备数仓建模理论知识，熟悉范式建模和维度建模，能够进行数据模型设计（MAPPING和物理模型设计）；|2. 精通SQL语言，能够根据设计方案输出高质量代码，可以进行代码优化；|3. 精通常用数据库系统(Oracle/Mysql/Greenplum/hive/tidb)，有丰富的存储过程开发、SQL优化等数据开发经验优先；|4. 具有ETL工具使用经验、适配和开发异构数据的传输工具程序；|5. 熟悉金融业务知识，了解银行相关业务系统及系统间的数据关系；,http://www.zhaopin.com/jobdetail/CC337626410J40843999710.htm?refcode=4019&srccode=401903&preactionid=938910cf-4104-425d-bf81-0b8f62c2aebc,zhaopin,2026-03-13 17:42:51
ToB销售（头部科创AI大数据+高奖金提成),企知道大数据科技有限公司,无锡,8000-12000元·13薪,1-3年,大专,,【公司有资源+带教+培训系统，可长期稳定发展】|我们是一家经营10年以上工信部认证的大数据人工智能集团公司：企知道·维正集团公司，业务覆盖：知识产权、科技成果转化、科创服务、数智政务，B端服务到SAAS数智政务O2O+B2B2G，全景生态链业务战略，公司发展稳健长远。|【岗位职责】|1、深入学习知识产权专业知识、产业政策专业知识，科创资源专业知识及对应产品；|2、对接企业端客户，挖掘企业的知识产权及可申报的政府政策项目需求，并与企业进行商务洽谈;|3、通过为企业客户制定产业政策及科创资源的解决方案，完成业绩目标；|4、流程涉及：拓客挖掘需求、规划方案、商务洽谈、成交。|【任职要求】|1、全*制大专及以上学历，优秀人才可以适当放宽。|2、优秀的沟通技巧，1年以上B端客户开发销售经验优先；|3、抗压能力强、目标导向、积极主动。|【薪资福利】|1、薪资构成：无责底薪+提成【阶梯提点+项目提点】+激励奖金；|2、保障福利：入职即交五险一金，转正六险一金；|3、晋升体系：月度/季度均有晋升机会，晋升制度清晰、透明，不受司龄限制。,http://www.zhaopin.com/jobdetail/CCL1464680980J40895395908.htm?refcode=4019&srccode=401903&preactionid=938910cf-4104-425d-bf81-0b8f62c2aebc,zhaopin,2026-03-13 17:42:53
AI大数据精准营销推广师/集团公司/晋升快,烟台信于行知识产权服务有限公司,烟台,5000-10000元,通伸,经验不限,,一、公司介绍：|公司总部在北京，全国50家分公司，发展了13年的大型集团性公司; 产品涉及海内外各大互联网平台：百度、抖音、360、豆包、谷歌、deepseek、Facebook、tiktok等等。为企业提供互联网电子商务方面服务。|二、岗位职责:|1、公司提供相关客户名单，通过电话、微信与客户联系，意向客户进行面谈沟通;|2、服务并解决所有B端客户在电子商务方面的需求和问题;|3、维护现有客户关系，拓展新的销售渠道。借助公司产品协助客户制定电商方案，协助|线上生意开通。|三、任职资格:|1、统招大专及以上学历，20-35岁【优秀者可放宽年龄要求】|2、热爱销售工作，性格大方开朗，喜欢与人沟通;|3、有互联网行业同行业相关工作经验者优先考虑;|四、公司福利：|1、每年安排4次员工全国学习机会，全国系统的培训，全国优秀员工的分享。|2、每年两次以上的公司省内外集体出游以及不定期部门旅游计划；|3、年底根据公司的业绩及完成任务的情况，有不同的年终奖励；|4、早8点25晚6点，不加班，国家法定节假日休息，保证员工享有充足的自我学习和充电时间，吸收信息、开阔视野；|5、发展路线： 销售代表- 部门主管- 团队经理- 分公司总监- 大区总监（负责三省以上的分公司管理工作）- 总部副总经理|6.无责底薪+高提成20%+交通补贴+奖金+孝亲奖，有同行经验者薪资面议（有500-1000的岗位津贴）,http://www.zhaopin.com/jobdetail/CCL1427780880J40988886204.htm?refcode=4019&srccode=401903&preactionid=938910cf-4104-425d-bf81-0b8f62c2aebc,zhaopin,2026-03-13 17:42:55
信息技术部-系统分析岗（大数据开发）,国华人寿保险股份有限公司,上海,2-3万,5-10年,本科,,工作职责：|1、负责对接监管要求，完成监管项目（如保单登记平台、EAST系统等）的数据报送工作，以高度责任心确保数据的准确性、完整性与时效性。|2、负责落实监管机构的数据治理要求，协同业务相关部门制定与确认数据取数规则及口径，针对问题数据与特殊业务场景进行分析定位，推动完成专项数据治理任务，确保符合监管规范。|3、主导监管报送相关系统的日常建设、功能优化与运维管理，负责收集和整理数据及系统功能需求，管理数据规则、业务参数与系统接口，组织系统上线的业务测试，并进行日常问题的排查、跟踪与解决。|4、负责数据类项目的需求分析、数据仓库模型设计和实施、技术方案评审、关键代码开发。|5、建立并维护常态化的数据质量检测与监控机制，定期开展数据质量检查，主动发现、记录并分析数据问题，配合源端系统共同推动源头数据治理，实现数据质量的持续提升与闭环管理。|任职要求：|1、本科及以上学历，计算机科学与技术，计算机软件、数据等相关专业；|2、精通SQL，熟悉数据仓库理论，熟悉维度建模，至少具有五年大数据开发经验；|3、具备较强的沟通协调能力和执行力，逻辑清晰，擅长拆解复杂问题，并善于和用户沟通交流；|4、熟悉JAVA语言及其开发框架和技术栈，熟悉Oracle/Mysql等数据库，熟悉Hadoop、Spark、Hive、Flink、Kafka等相关大数据技术，并具备编码、调试及优化能力；|5、熟悉保险核心业务系统、深入了解保险核心业务流程，具有银行、保险等金融行业大数据系统开发经验者优先。,http://www.zhaopin.com/jobdetail/CC120613400J40841016605.htm?refcode=4019&srccode=401903&preactionid=938910cf-4104-425d-bf81-0b8f62c2aebc,zhaopin,2026-03-13 17:42:57
人工智能+大数据软件销售实习生,企知道大数据科技有限公司,天津,120-150元/天,,本科,,岗位职责：|1、负责意向客户的开发、洽谈、跟进及转化，完成个人既定业绩目标；|2、与企业建立深度合作关系，解决产品售卖过程中的问题，提高客户满意度；|3、定期定量进行回访工作，做好客情维护工作。|4、与客户建立长期良好合作关系，提供全面的一站式服务。|5、公司有健全的培训体系，无相关行业经验亦可快速上手。|任职要求：|1、本科及以上学历，26届应届生。|2、口齿清晰，普通话标准，语音富有感染力，积极向上。|3、对工作有较高的热情，看好知识产权行业的发展前景。|4、具备较强的自我学习和总结能力，具备优秀的客户沟通能力。|5、执行力强，追求团队带动个人价值，具备良好的应变能力和承压能力。,http://www.zhaopin.com/jobdetail/CCL1464680980J40915617408.htm?refcode=4019&srccode=401903&preactionid=938910cf-4104-425d-bf81-0b8f62c2aebc,zhaopin,2026-03-13 17:43:00
大数据应用测试工程师,北京三快在线科技有限公司,成都,面议,经验不限,本科,,"基础研发平台是美团的核心技术平台，立足于“零售+科技”的战略定位，通过打造人工智能、大数据、云计算、安全等核心技术能力，以及研发效能平台、企业应用平台等公共服务，为业务提供稳定安全、扩展易用、技术领先的平台技术和产品服务。|在这里，我们会参与到最前沿的技术研发和探索；能够接触超规模集群、海量数据，挑战高复杂业务场景，有机会与业界一流的工程师一起并肩前行。|在这里，我们有超强的技术氛围，持续向社区贡献业界实践，加速行业技术发展；我们有完善的互联网学习生态圈，重视底层逻辑和方法论，助力职业生涯的非线性成长。|真诚地邀请你，和我们一起驱动技术发展，创造行业价值。|岗位职责|1.负责大数据相关业务（数据引擎、数据中台、数据应用等）全流程的质量保证工作；|2.参与需求分析评审、系统设计、制定测试计划、设计和执行测试用例、开发维护自动化测试用例、把控项目进度和风险、分析和改进线上问题等；|3.根据项目需要，推动产品、设计、研发等角色，按时保质交付产品上线；|4.分析产品质量和研发过程质量，熟练应用质量相关工具，推动质量持续改进；|5.建设大数据稳定性测试体系，包括性能压测、可靠性、长稳、规格等，保障并支撑业务的稳定性指标达成，提升团队稳定性测试能力；|6.提升团队自动化开发效率、覆盖率、运营效果，结合AI在测试流程生命周期里解决能效问题，高效保障需求上线和质量保障工作；|岗位基本需求|1.计算机或相关专业本科及以上学历，有大数据测试经验者优先；|2.熟悉大数据相关组件，包括hadoop、spark,clickhouse等存算湖仓引擎；|3.熟悉数据中台和数据应用，进行过数据开发治理、BI报表、画像等数据平台和应用测试；|4.精通测试和质量理论知识，掌握稳定性测试方法并有相关的优秀实践；|5.能够指导团队开展各环节测试，沉淀切实有效的最佳实践，并推广应用辐射团队；|6.独立完成复杂专项测试，指导团队完成专项测试；|7.具有良好的编程能力（熟悉Java/Python至少一门语言），丰富的工具开发和自动化测试经验；|8.熟练使用Linux系统，具有实际测试环境搭建和维护管理的经验；|9.熟悉容器化平台（K8S），具有相关的测试和维护管理经验；|10.具备良好的团队合作精神，善于协调沟通，具备较强的问题定位和推动解决能力；|11.能面对大数据的机遇与挑战，保持工作激情；|具备以下者优先|1.具有大数据相关测试经验优先；|2.熟悉Hadoop生态相关技术并有相关实践经验者优先，如Hdfs、Mapreduce、Hive、Hbase、Spark、Storm；|3.熟悉数据仓库领域知识和技能者优先，包括但不局限于：元数据管理、数据开发测试工具与方法、数据质量、主数据管理|4.具备自动化框架开发、AI agent、AI CODING开发实践者优先；|5.具备国际化出海测试经验者优先；|岗位亮点|1.有机会全身心地参与大数据测试体系建设工作中，体验并掌握大数据生态各个环节的核心技术要素；|2.有复杂的架构设计和算法逻辑实现，有承接面对上亿级的数据生态场景，每天处理PB级的数据平台，以及构建其上满足不同业务需求的丰富的数据产品；|3.这里有技术专业的数据团队，和技术大牛近距离接触，加入团队能够飞速成长；|4.在这里你可以和一群 geek 工程师一起解决技术难题，一起成长，一起体验激情创造的过程；",http://www.zhaopin.com/jobdetail/CC383625320J40828312309.htm?refcode=4019&srccode=401903&preactionid=938910cf-4104-425d-bf81-0b8f62c2aebc,zhaopin,2026-03-13 17:43:02
大数据开发工程师,徐工汉云技术股份有限公司,南京,2-3万,经验不限,本科,,岗位职责：|1、负责海量工业物联网领域的大数据处理，数据挖掘，数据治理等工作。|2、负责数据任务的部署、监控、调优与故障排查，确保数据流稳定运行与高效处理。|3、与数据开发、算法、业务团队协作，理解数据需求并设计合理的数据处理流程。|4、编写技术文档，沉淀开发与运维经验，推动团队技术标准化。|任职资格：|1、本科及以上学历，计算机、软件工程、数据科学等相关专业。|2、熟悉大数据生态，具有3年以上大数据开发或数据平台相关经验。|3、精通 Apache NiFi，具备数据流程设计、Processor开发、集群部署与调优经验。|4、精通 Apache Flink，熟悉 DataStream/Table API，具备状态管理、窗口计算、Exactly-Once 语义等开发与调优经验。|5、熟悉一种以上消息队列（如 Kafka、Rocketmq）与常用数据存储（如 HDFS、HBase、Redis、MySQL）。|6、熟练掌握 Java，具备扎实的编码与调试能力。|7、具备良好的系统思维和问题分析能力，能够独立承担数据流任务的设计与开发。|具备以下经验或条件者优先：|熟悉容器化部署（Docker/K8s），有大数据组件在云上部署与运维经验。|具备数据任务性能调优经验，能针对数据倾斜、反压、资源利用等问题进行有效优化。,http://www.zhaopin.com/jobdetail/CC336506980J40841572810.htm?refcode=4019&srccode=401903&preactionid=938910cf-4104-425d-bf81-0b8f62c2aebc,zhaopin,2026-03-13 17:43:04
大客户销售（AI大数据平台）,企知道大数据科技有限公司,常州,1-1.5万,1-3年,大专,,企知道是一家基于大数据、云计算、人工智能技术，向企业提供科创服务（知识产权、产业政策申报、产学研对接、科创金融等）、SaaS平台服务、科创AI大数据服务的专业服务机构，知识产权行业龙头企业，致力于提升全天下企业核心竞争力。总部位于深圳，全国设有60多家分子公司，累计合作客户20万家，员工超5000人。|【公司产品】科创大数据服务平台+科技项目申报+专利+财税服务，是国家工信部认定的全国唯一的科创服务类大数据产业发展示范企业|【工作内容】电销+面销|1、面向制造业、商贸业、科技型公司等企业客户，挖掘需求，推广大数据AI产品；|2、紧跟市场经济环境，深度学习研究公司的产品内容；|3、与意向客户进行线上或线下的商务谈判，解决客户疑虑，达成合作；|4、完成个人业绩目标，并与团队成员配合，实现团队业绩目标；|5、工作流程：电话邀约—线下面谈—商务洽谈—成交签单|【任职要求】|1、统招大专及以上学历；|2、具有1年以上大客户销售经验，有IT行业、软件、企业服务等行业销售经验优先；|3、逻辑思维强，善于总结并具备解决问题的能力；具备良好的目标感、主动性、学习能力和沟通能力；|4、看好大数据、人工智能行业的发展前景，有志于在本行业长期发展。|【工作时间】|上午8:30-12:00，下午13:30-18:00，周日固定休息，法定节假日按国家通知放假。|【薪资待遇】|1、薪资待遇：无责任底薪（5k—10k，专员5k—6k，干部6k—10k，具体定薪依据面试定级确认）+高额提成（6%—15%，客单价10w—50w）+奖金（月度、季度、年度），人均月薪1w-2w；|2、入职即缴纳五险一金+转正后额外缴纳商业险+节日福利+生日福利+节日聚餐+定期体检+期权等；|3、培训：线上+线下培训模式，线上企业大学平台提供相应网课，线下资深老师带教，对无行业经验新人也可快速上手；|4、晋升机会公开透明：按照业绩能力，无排资论辈，专员—组长—主管—经理—分总。,http://www.zhaopin.com/jobdetail/CCL1464680980J40825562608.htm?refcode=4019&srccode=401903&preactionid=938910cf-4104-425d-bf81-0b8f62c2aebc,zhaopin,2026-03-13 17:43:07
大数据权限系统研发工程师,北京三快在线科技有限公司,北京,面议,3-5年,本科,,基础研发平台是美团的核心技术平台，立足于“零售+科技”的战略定位，通过打造人工智能、大数据、云计算、安全等核心技术能力，以及研发效能平台、企业应用平台等公共服务，为业务提供稳定安全、扩展易用、技术领先的平台技术和产品服务。|在这里，我们会参与到最前沿的技术研发和探索；能够接触超规模集群、海量数据，挑战高复杂业务场景，有机会与业界一流的工程师一起并肩前行。|在这里，我们有超强的技术氛围，持续向社区贡献业界实践，加速行业技术发展；我们有完善的互联网学习生态圈，重视底层逻辑和方法论，助力职业生涯的非线性成长。|真诚地邀请你，和我们一起驱动技术发展，创造行业价值。|岗位职责|1、 构建海量数据权限管控的基础设施和核心能力。并对现有系统进行优化，包括不局限大数据权限管理、权限认证、权限审批工作流等工作|2、负责数据权限管控需求分析、架构设计与开发，与数据开发团队、BI应用团队配合，进行日常迭代与性能优化等工作。|3、大数据安全风险持续治理，识别、协同、跟踪、改进优化和事后评估等|岗位基本需求|1、计算机基础扎实，有5年以上Java研发经验，熟练使用主流Java技术栈框架|2、熟悉服务架构搭建、数据库使用与原理、以及中间件技术，如java springboot、MySQL、MQ等|3、具有较好的软件工程知识和编码规范意识，对代码和设计质量有严格要求，重视Code Review|4、具备良好的沟通能力和跨部门协作的能力，自我驱动的工作习惯，注重团队协作的同时具备拿结果的意识和能力|具备以下者优先|1、熟悉国内外大数据安全产品和技术体系，有大数据数仓权限/BI应用权限经验、熟悉ABAC、RBAC权限模型技术者优先。|2、熟悉业界主流大数据服务端技术框架，有大数据产品工具开发经验者优先|岗位亮点|1、 亲身参与大数据安全体系设计，包含不局限数仓库/表权限管理体系、BI应用权限体系。|2、 参与运营持续迭代大数据安全架构，享受架构能力、系统开发能力、沟通协调能力、团队协作能力和创新解决问题能力的全面自我提升,http://www.zhaopin.com/jobdetail/CC383625320J40829837609.htm?refcode=4019&srccode=401903&preactionid=938910cf-4104-425d-bf81-0b8f62c2aebc,zhaopin,2026-03-13 17:43:09
大数据测试开发工程师,外企德科数字技术有限公司,杭州,1.3-2.6万·14薪,经验不限,本科,,岗位职责：|参与云端大数据服务与产品的质量保障体系建设，负责测试方案设计、自动化脚本开发及系统质量评估；|深入理解大数据产品架构，参与测试工具与平台研发，提升测试效能与产品可靠性；|基于竞品分析与用户反馈，协助优化产品体验与服务质量；|支持重点项目全流程测试，参与技术难题攻关与问题定位。|职位要求：|统招本科及以上学历，计算机、软件工程等相关专业优先；|具备良好的计算机基础知识，熟悉数据结构、操作系统、网络等；|至少掌握 Java/Python/C++/C/GO其中一种编程语言，有编码实践更佳；|对云计算、大数据技术感兴趣，具备较强的逻辑思维和学习能力；|不限经验，入职后配备一对一导师全程带教。|我们提供：|双休、带薪年假、法定节假日等完整假期体系；|试用期薪资全额发放，不打折；入职五险一金全额缴纳；|行业前沿的技术平台与项目实践，深入接触大规模分布式系统；|完善的入职培训与导师制，助力快速成长与能力提升；|开放、协作的团队氛围，专注技术落地与创新。,http://www.zhaopin.com/jobdetail/CCL1480117890J40841104205.htm?refcode=4019&srccode=401903&preactionid=938910cf-4104-425d-bf81-0b8f62c2aebc,zhaopin,2026-03-13 17:43:11
Ai大数据产品销售（人工智能）,企知道大数据科技有限公司,惠州,1-1.5万,1-3年,本科,,一、岗位职责|1、新人成长保障：师傅一对一悉心带教。|2、客户画像：客户画像为年营收在2K万-5K万-4个亿的企业。|3、销售资源与模式：公司提供优质客户线索（电话号码为老板、股东），电销约见+面销签单+3000人团队上门服务。|4、售卖产品：科创云平台：一站式集成化人工智能Ai科创企服，https://kzone.qizhidao.com/。|大数据Ai系统功能模块涉及：|——A、科创情报：技术、企业等行业情报实时监控；|——B、产研板块：产学研、技术研发思路探索；|——C、营销拓客：招投标、企业数据/联系方式穿透；|——D、政府政策：申报规划服务与自动撰写申报系统。|5、行业资讯掌握：持续学习，及时掌握所开发的细分行业+行业产业链+行业产业集团最新信息。有的放矢与客户沟通，为客户提供综合一站式解决方案。|二、任职资格|1、学历要求：本科及以上学历，销售能力优异者可放宽学历限制。|2、行业热情：热爱并看好科技创新人工智能Ai行业的发展前景，有志于在人工智能行业长期深耕。|3、经验要求：1年及以上销售经验。|三、薪资待遇|1、多元收入构成：无责底薪（一本6K，非一本5K） + 提成（6/8/12/15%)+次月10日发薪）+ 奖金（月/季/年奖金）+股票期权。|2、带薪年假、年度体检、婚育礼金、节日福利、生日福利以及六险一金，全方位保障你的生活与职业发展。|3、功勋值奖励：入职优秀员工均可享受功勋值发放，年底现金结算分红，与公司共同成长，共享发展成果。|四、晋升|1、快速晋升通道：以月为单位，当月业绩目标达成即晋升。|2、双轨晋升体系：专业 P 线、管理 M 线。,http://www.zhaopin.com/jobdetail/CCL1464680980J40904303108.htm?refcode=4019&srccode=401903&preactionid=938910cf-4104-425d-bf81-0b8f62c2aebc,zhaopin,2026-03-13 17:43:14
大数据工程师（讲师）,北京中科特瑞科技有限公司,蚌埠,8000-12000元,1-3年,硕士,,不是外包！|职位福利：五险一金、弹性工作、定期体检、节日福利、不加班、带薪寒暑假【正常标准发放薪资】、年终奖|岗位职责：|1、负责大数据相关专业课程的日常授课工作；|2、带领学生团队参加学科竞赛，进行相应的培训工作；|3、参与大数据相关专业课程建设，包括教学大纲、教材、教学案例、教案、讲稿、多媒体课件等；|4、调研大数据人才市场需求发展趋势，研究最新大数据相关技术，更新人才培养方案及课程授课内容；|5、完成上级领导交办的其他技术支持工作|任职要求：|1、 计算机等大数据相关专业硕士及以上学历，拥有软考中级工程师或以上证书者优先；|2、 熟练掌握Java、Python中一种语言，有实际开发经验者优先；|3、 熟练掌握Linux操作系统，熟悉shell命令；|4、 熟悉Hadoop、hive、HBASE、spark、flink等大数据研发工具，有实际使用经验；|5、 熟悉机器学习和数据挖掘的基本算法，并能实际应用；|6、具备良好的语言表达能力，有较强的责任心和团队协作意识；|7、有1年及以上大数据相关项目开发工作经验；|8、有大数据业务培训授课经验者优先；|9、具备较好的文字功底，能够独立编写方案。,http://www.zhaopin.com/jobdetail/CC375882780J40694204310.htm?refcode=4019&srccode=401903&preactionid=938910cf-4104-425d-bf81-0b8f62c2aebc,zhaopin,2026-03-13 17:43:17
大同广灵大数据-HRBP,恒华数字科技集团有限公司,大同,5000-7000元·13薪,1-3年,本科,,岗位内容：|1. 协助项目经理做好园区人员管理工作;|2. 开展项目内部流程优化和标准规范执行工作，提升公司管理效率；|3. 负责人力资源管理，包括员工招聘、培训、福利、绩效考核等方面；|4. 员工入、转、调、离、考勤等人事运营工作；|5. 企业文化、员工关怀等落地；|任职要求：|1. 具备较强的组织协调及沟通能力；|2. 优秀的表达能力，学习能力强；|3. 至少2年以上相关经验；|4.持有企业人力资源管理证书三级以上者验优先考虑。,http://www.zhaopin.com/jobdetail/CC135402940J40818336110.htm?refcode=4019&srccode=401903&preactionid=938910cf-4104-425d-bf81-0b8f62c2aebc,zhaopin,2026-03-13 17:43:19
Ai大数据ToB销售（人工智能）,企知道大数据科技有限公司,惠州,1-1.5万,1-3年,本科,,一、岗位情况|工作内容：|1、售卖产品：科创云平台：一站式集成化人工智能Ai科创企服，https://kzone.qizhidao.com/。|大数据Ai系统功能模块涉及：|——A、科创情报：技术发展、企业等行业情报实时监控；|——B、产研板块：产学研、技术研发思路探索；|——C、营销拓客：招投标、企业数据/联系方式穿透；|——D、政府政策：申报规划政府扶持政策与自动撰写申报系统。|2、行业资讯掌握：持续学习，及时掌握所开发的细分行业+行业产业链+行业产业集团最新信息。有的放矢与客户沟通，为客户提供综合一站式解决方案。|销售支持：|1、新人成长保障：师傅一对一悉心带教。|2、客户画像：客户画像为年营收在2K万-5K万-4个亿的企业。|3、销售资源与模式：公司提供优质客户线索（电话号码为老板、股东），电销约见+面销签单+3000人团队上门服务。|二、任职资格|1、学历要求：本科及以上学历，销售能力优异者可放宽学历限制。|2、行业热情：热爱并看好科技创新人工智能Ai行业的发展前景，有志于在人工智能行业长期深耕。|3、经验要求：1年及以上销售经验。|三、薪资待遇|1、多元收入构成：无责底薪（一本6K，非一本5K） + 提成（6/8/12/15%)+次月10日发薪）+ 奖金（月/季/年奖金）+股票期权。|2、带薪年假、年度体检、婚育礼金、节日福利、生日福利以及六险一金，全方位保障你的生活与职业发展。|3、功勋值奖励：入职优秀员工均可享受功勋值发放，年底现金结算分红，与公司共同成长，共享发展成果。|四、晋升|1、快速晋升通道：以月为单位，当月业绩目标达成即晋升。|2、双轨晋升体系：专业 P 线、管理 M 线。,http://www.zhaopin.com/jobdetail/CCL1464680980J40907201908.htm?refcode=4019&srccode=401903&preactionid=938910cf-4104-425d-bf81-0b8f62c2aebc,zhaopin,2026-03-13 17:43:21
大数据开发工程师,合肥慧秋智能科技有限公司,南京,8000-13000元,1年以下,本科,,数据开发，主要职责：|数据平台建设和维护；|数据清洗与整合；|开发数据应用和分析工具；|与团队合作优化数据存储和查询。|要求：|相关专业本科及以上学历；|精通SQL、Python；|熟悉大数据平台；|良好的沟通和团队协作。,http://www.zhaopin.com/jobdetail/CCL1518016180J40789726616.htm?refcode=4019&srccode=401903&preactionid=938910cf-4104-425d-bf81-0b8f62c2aebc,zhaopin,2026-03-13 17:43:23
大数据开发实习生,亚信科技(中国)有限公司,广州,100-200元/天,,本科,,"大数据开发实习生|【工作职责】|1、参与电信行业的需求分析、代码开发等工作;|2、负责基于大数据平台的数据采集、清洗、口径分析、指标加工等开发工作,完成技术文档编写;|3、进行海量数据研发和分析,支持业务优化、监控和考核;|4、负责日常数据探索、数据统计、数据分析等工作;|【职位要求】|1、2026届应届毕业生，本科学历，数学、统计、计算机相关专业；|2、熟悉数据仓库分层架构,了解任务执行调度与任务监控、数据质量监控等;|3、掌握SQL/Hive/linux开发技能，熟悉主流数据库产品和技术，包含但不限Oracle/Mysql/Hive/HBase等;|4、熟悉Hadoop/Hive/HBase/Flink/Spark/Kafka/ElasticSearch等大数据技术，熟练掌握java/shell/python中的一种或以上|5、性格开朗，学习及语言表达能力强，善于与人沟通、交流 。|6、实习至少半年以上。",http://www.zhaopin.com/jobdetail/CC139131340J40421613511.htm?refcode=4019&srccode=401903&preactionid=938910cf-4104-425d-bf81-0b8f62c2aebc,zhaopin,2026-03-13 17:43:26
销售管培生（AI+大数据）,企知道大数据科技有限公司,上海,1.2-2万·14薪,1-3年,本科,,一、公司简介|企知道科技是一家为政府提供企业动态监测、大数据招商引才、政策分析与匹配、科创生态管理等服务，为企业提供产学研对接、知识产权、产业政策咨询、财务、法律、品牌、融资等服务的科创服务机构。公司在全国设立60多家分子公司，为全国20多个省市的政府部门和30万家企业服务，是国家工信部认定的全国唯一的科创类大数据产业发展示范企业。|我们是，中国科创企业全要素资源服务商；|我们是，中国科创服务大数据基础设施；|二、工作职责：|1、面向大型企业或成长性企业客户，挖掘客户在创新研发和知识产权运营管理方面的需求，销售知识产权全生命周期解决方案，帮助客户从企业战略到业务运营全面落实实现创新驱动，通过帮助客户成功，持续达成的业务指标；|2、通过与电话、客户服务、专业咨询、实施服务团队紧密配合，伴随客户成长，追求最佳客户体验，建立长期“双赢”的合作关系，保障合作客户续约目标的超额达成；|3、关注行业的市场动态，关注客户所在行业的发展趋势和业务变化，持续学习思考，不断提高业务水平，充分理解和熟练掌握公司的技术、产品与服务的有关知识，努力成长为客户的业务伙伴；|三、任职要求：|1、本科及以上学历，985、211或者硕士学历者优先考虑。欢迎2024、2025届毕业生加入；|2、具备良好沟通表达能力、逻辑思维清晰、工作积极主动，具备较强目标感，敢于挑战，接受变革；|3、学习力强，积极向上，具备良好的人格品质和职业道德。|四、培养&发展路径|培养方向：优秀市场BD能力、懂产品&懂解决方案、懂商业、懂经营、0-1创业机遇，互联网/平台思维|发展路径：定位 - 主管 - 经理 - 分公司总经理 - 区域总经理 - 集团副总裁|五、福利待遇|1、待遇：新入职人员，月综合收入12000-15000，年综合收入20W+，外加月度、季度奖金和优秀员工期权分配；|2、福利：|转正之后有员工宿舍，通勤10分钟以内；|7险1金，缴纳补充意外险及重大疾病险；|500平方企知道专属健身房；|免费体检，节假日礼品，生日福利，团建活动及经费应有尽有；|3、职位晋升：管培生公司内部定向培养，业绩考核通过，最快4个月可以晋升；|我们坚持，以AI/大数据模型/人工智能驱动，争做中国科创服务转型先驱，|为优秀企业提供创新全周期+全场景的决策辅助与解决方案，提高企业创新成功率，降低创新成本。|加入我们，提升全天下企业的核心竞争力！,http://www.zhaopin.com/jobdetail/CCL1464680980J40877780008.htm?refcode=4019&srccode=401903&preactionid=938910cf-4104-425d-bf81-0b8f62c2aebc,zhaopin,2026-03-13 17:43:28
ETL大数据开发,深圳市法本信息技术股份有限公司,青岛,1.5-1.8万,5-10年,本科,,职位描述|1、掌握SAP SD销售订单全流程数据链路和状态节点，可以处理BW数据入湖，以及完成从指标结果追溯SAP订单明细过程核对校验|2、负责营销相关数据管理、指标和可视化分析，清楚行业洞察、客户进销存、门店零售ROI等分析模型建设思路，围绕熟悉客户，门店，产品等主分析维度的建设和引用关系；可以从分析段发现数据问题联合数据治理进行治理方案落地。|3、熟悉运用大数据分析工具和技术，快速根据业务场景搭建自动化可视化方案；应聘要求|1、本科及以上学历，8年及以上相关领域数据分析经验；|2、具备较强的数据敏感性和分析能力，能够独立完成复杂的数据分析任务；、|3、熟悉SQL及其他数据分析工具，有家电行业数据分析经验者优先；|4、良好的沟通能力和团队合作精神，能够将数据分析结果有效传达给非技术团队；,http://www.zhaopin.com/jobdetail/CC385622410J40746963406.htm?refcode=4019&srccode=401903&preactionid=938910cf-4104-425d-bf81-0b8f62c2aebc,zhaopin,2026-03-13 17:43:30
大数据开发工程师,深圳华云信息系统科技股份有限公司,佛山,1-1.6万,3-5年,大专,,岗位职责：|1. 负责数据任务开发，熟悉Hadoop/Spark基础组件(HDFS/YARN/MapReduce)的核心功能。|2. 精通复杂的HiveSQL任务，并能优化Hive SQL执行效率(分区裁剪、谓词下推)。|3. 熟练开发Spark批处理任务，理解RDD/DataFrame执行原理，能优化Shuffle、内存配置。|4. 熟练构建星型/雪花模型，根据业务场景设计数据模型。|5. 使用ETL工具(如Kettle)完成数据加工和处理，支持业务部门数据需求。|6. 设计多源异构数据集成方案(如API、日志文件、数据库混合接入)，解决数据一性冲突。|7. 能根据业务需求，设计多维度、多指标的复杂报表，熟悉ClickHouse/DorisDB集群部署与查询优化。|8. 开发数据质量监控脚本，识别异常数据并推动业务方修复。|9. 使用Python/Java开发数据服务，培训业务人员使用自助分析工具。|岗位要求：|1. 深入理解相关领域的基本业务概念和流程，能独立完成业务需求的开发，解决复杂问题。|2. 熟悉MySQL/Oracle等数据库的增删改查操作，了解索引等基础优化方法。|3. 熟悉基础调度工具(如Airflow/DolphinScheduler)的任务配置与监控。|4. 具备良好的数据敏感性和业务理解能力。,http://www.zhaopin.com/jobdetail/CC258672210J40726380116.htm?refcode=4019&srccode=401903&preactionid=938910cf-4104-425d-bf81-0b8f62c2aebc,zhaopin,2026-03-13 17:43:33
